,UserScreenName,UserName,Timestamp,Text,Embedded_text,Emojis,Comments,Likes,Retweets,Image link,Tweet URL
0,Ligne 9,@Ligne9_RATP,2022-02-17T06:08:05.000Z,"Ligne 9
@Ligne9_RATP
·
Feb 17, 2022",[ Incident technique] 06h55 : Une rame stationne à Porte de Montreuil en direction de Mairie de Montreuil #Ligne9 #RATP,⚠,2,,2,[],https://twitter.com/Ligne9_RATP/status/1494191904044507138
1,Ligne 9,@Ligne9_RATP,2022-02-15T15:05:58.000Z,"Ligne 9
@Ligne9_RATP
·
Feb 15, 2022",Accident Grave de Personne (Strasbourg Saint Denis) 16h05 : le trafic est perturbé sur l'ensemble de la ligne. #Ligne9 #RATP,⚠,3,2,2,[],https://twitter.com/Ligne9_RATP/status/1493602493749673985
2,Ligne 9,@Ligne9_RATP,2022-02-15T14:16:09.000Z,"Ligne 9
@Ligne9_RATP
·
Feb 15, 2022","Accident grave de voyageur, (Strasbourg Saint Denis), 15H15 le trafic est interrompu entre Havre Caumartin et Oberkampf. La reprise du trafic est estimée vers 16h00. #ligne9 #RATP",❌,2,,2,[],https://twitter.com/Ligne9_RATP/status/1493589955943317504
3,Ligne 9,@Ligne9_RATP,2022-02-15T13:28:24.000Z,"Ligne 9
@Ligne9_RATP
·
Feb 15, 2022","Accident grave de voyageur, (Strasbourg Saint Denis), le trafic est interrompu entre Havre Caumartin et Obercampf. La reprise du trafic est estimée vers 16h00. #ligne9 #RATP",❌,1,5,4,[],https://twitter.com/Ligne9_RATP/status/1493577937412579345
4,Ligne 9,@Ligne9_RATP,2022-02-15T13:22:02.000Z,"Ligne 9
@Ligne9_RATP
·
Feb 15, 2022",Accident Grave de Personne (Strasbourg Saint Denis) 14h20 : Une rame stationne en direction de de Mairie de Montreuil.  #Ligne9 #RATP,⚠,,1,1,[],https://twitter.com/Ligne9_RATP/status/1493576337767948293
5,Ligne 9,@Ligne9_RATP,2022-02-15T05:03:02.000Z,"Ligne 9
@Ligne9_RATP
·
Feb 15, 2022"," En raison d'une panne de signalisation sur Porte de Saint-Cloud, le trafic est perturbé sur l'ensemble de la #Ligne9 #RATP",⚠,3,2,4,[],https://twitter.com/Ligne9_RATP/status/1493450757894557696
6,Ligne 9,@Ligne9_RATP,2022-02-14T19:19:19.000Z,"Ligne 9
@Ligne9_RATP
·
Feb 14, 2022","En raison d'un incident voyageur, une rame stationne à Pont de Sèvres. #Ligne9 #RATP",⚠,1,,2,[],https://twitter.com/Ligne9_RATP/status/1493303862077399052
7,Ligne 9,@Ligne9_RATP,2022-02-14T12:15:33.000Z,"Ligne 9
@Ligne9_RATP
·
Feb 14, 2022"," En raison d'une intervention sur les installations fixes, le trafic est interrompu entre Pont de Sèvres et Porte de Saint Cloud. Reprise du trafic estimée vers 13h30. #ligne9 #RATP",⚠,1,,1,[],https://twitter.com/Ligne9_RATP/status/1493197218811199488
8,Ligne 9,@Ligne9_RATP,2022-02-12T18:08:24.000Z,"Ligne 9
@Ligne9_RATP
·
Feb 12, 2022","En raison de divers incidents, le trafic est perturbé sur l'ensemble de la #Ligne9 #RATP",⚠,3,2,5,[],https://twitter.com/Ligne9_RATP/status/1492561238961885187
9,Ligne 9,@Ligne9_RATP,2022-01-16T05:32:42.000Z,"Ligne 9
@Ligne9_RATP
·
Jan 16, 2022", Incident d'exploitation 6h32- Le trafic est interrompu entre Pont de Sèvres et Porte de Saint-Cloud. Reprise estimée du trafic vers 7h00 #Ligne9 #RATP,❌,,,1,[],https://twitter.com/Ligne9_RATP/status/1482586588232175622
10,Ligne 9,@Ligne9_RATP,2022-01-15T23:38:05.000Z,"Ligne 9
@Ligne9_RATP
·
Jan 16, 2022", Incident d'exploitation 00h37- Le trafic est interrompu entre Pont de Sèvre et Porte de Saint-Cloud. Reprise estimée du trafic vers 01h00 #Ligne9 #RATP,❌,1,,6,[],https://twitter.com/Ligne9_RATP/status/1482497346407739394
11,Ligne 9,@Ligne9_RATP,2022-01-15T22:21:19.000Z,"Ligne 9
@Ligne9_RATP
·
Jan 15, 2022", Incident d'exploitation 23h20- Le trafic est interrompu entre Pont de Sèvre et Porte de Saint-Cloud. Reprise estimée du trafic vers 23h59 #Ligne9 #RATP,❌,1,,3,[],https://twitter.com/Ligne9_RATP/status/1482478029196734467
12,Ligne 9,@Ligne9_RATP,2022-01-15T22:07:51.000Z,"Ligne 9
@Ligne9_RATP
·
Jan 15, 2022", Incident d'exploitation 23h06- Le trafic est interrompu entre Nation et Mairie de Montreuil. Reprise estimée du trafic vers 23h40 #Ligne9 #RATP,❌,1,,2,[],https://twitter.com/Ligne9_RATP/status/1482474640102637572
13,Ligne 9,@Ligne9_RATP,2022-01-15T06:50:59.000Z,"Ligne 9
@Ligne9_RATP
·
Jan 15, 2022",Acte de malveillance 7:49 -Le trafic est perturbé de Porte de Montreuil en direction de Pont de Sévres. #ligne9 #RATP,⚠,,,2,[],https://twitter.com/Ligne9_RATP/status/1482243899716472834
14,Ligne 9,@Ligne9_RATP,2022-01-14T22:26:06.000Z,"Ligne 9
@Ligne9_RATP
·
Jan 14, 2022",[ Divers incidents] 23h25 - Le trafic est perturbé sur l'ensemble de la #Ligne9 #RATP,⚠,1,,1,[],https://twitter.com/Ligne9_RATP/status/1482116842479140873
15,Ligne 9,@Ligne9_RATP,2022-01-14T12:45:38.000Z,"Ligne 9
@Ligne9_RATP
·
Jan 14, 2022",[ Intervention des équipes techniques] 13:44 - Le trafic est interrompu entre Pont de Sèvres et Porte de Saint Cloud. Reprise estimée du trafic vers 14:00 #Ligne9 #RATP,❌,2,,3,[],https://twitter.com/Ligne9_RATP/status/1481970764001730566
16,Ligne 9,@Ligne9_RATP,2022-01-10T10:27:42.000Z,"Ligne 9
@Ligne9_RATP
·
Jan 10, 2022",[Divers incidents] 11h27 : Le trafic est perturbé en direction de Pont de Sèvres. #Ligne9 #RATP,⚠,1,,1,[],https://twitter.com/Ligne9_RATP/status/1480486499435044864
17,Ligne 9,@Ligne9_RATP,2022-01-10T07:58:25.000Z,"Ligne 9
@Ligne9_RATP
·
Jan 10, 2022",[Bagage oublié à Pont de Sèvres] 08h58 : Le trafic est perturbé sur l'ensemble de la #Ligne9 #RATP,⚠,1,,2,[],https://twitter.com/Ligne9_RATP/status/1480448932404731904
18,Ligne 9,@Ligne9_RATP,2022-01-09T17:20:04.000Z,"Ligne 9
@Ligne9_RATP
·
Jan 9, 2022","En raison d'un bagage oublié, le trafic est interrompu entre les stations Pont de Sevres et Porte de Saint-Cloud sur la #ligne9. Reprise estimée à 19h45. #RATP",❌,2,1,3,[],https://twitter.com/Ligne9_RATP/status/1480227889006137348
19,Ligne 9,@Ligne9_RATP,2022-01-09T16:27:48.000Z,"Ligne 9
@Ligne9_RATP
·
Jan 9, 2022","En répercussion de Personnes sur les voies, le trafic est perturbé sur la #ligne9. #RATP",⚠,1,1,2,[],https://twitter.com/Ligne9_RATP/status/1480214735417233415
20,Ligne 9,@Ligne9_RATP,2022-01-08T17:55:10.000Z,"Ligne 9
@Ligne9_RATP
·
Jan 8, 2022","en raison de Personnes sur les voies, la rame stationne à la station Strasbourg-Saint-Denis en direction de Mairie de Montreuil. #ligne9 #RATP",⚠,1,1,2,[],https://twitter.com/Ligne9_RATP/status/1479874334596517890
21,Ligne 9,@Ligne9_RATP,2022-01-08T15:11:59.000Z,"Ligne 9
@Ligne9_RATP
·
Jan 8, 2022","En raison d'un incident technique, la rame stationne à la station Porte de Saint-Cloud en direction de Mairie de Montreuil. #ligne9 #RATP",⚠,2,,4,[],https://twitter.com/Ligne9_RATP/status/1479833268614844420
22,Ligne 9,@Ligne9_RATP,2022-01-08T14:56:00.000Z,"Ligne 9
@Ligne9_RATP
·
Jan 8, 2022","en raison de Personnes sur les voies, la rame stationne à la station Strasbourg-Saint-Denis en direction de Mairie de Montreuil. #ligne9 #RATP",⚠,1,1,4,[],https://twitter.com/Ligne9_RATP/status/1479829243387383808
23,Ligne 9,@Ligne9_RATP,2022-01-06T18:34:07.000Z,"Ligne 9
@Ligne9_RATP
·
Jan 6, 2022",[ Malaise voyageur] 19h33 Fin d'incident.  Le trafic est perturbé sur l’ensemble de la #Ligne9 #RATP,⚠,1,,2,[],https://twitter.com/Ligne9_RATP/status/1479159359305302019
24,Ligne 9,@Ligne9_RATP,2022-01-05T22:56:22.000Z,"Ligne 9
@Ligne9_RATP
·
Jan 5, 2022","Malaise voyageur sur Strasbourg Saint Denis, 23h55, une rame stationne en direction de Mairie de Montreuil #ligne9 #ratp",⚠,1,,1,[],https://twitter.com/Ligne9_RATP/status/1478862969169760258
25,Ligne 9,@Ligne9_RATP,2022-01-05T09:19:00.000Z,"Ligne 9
@Ligne9_RATP
·
Jan 5, 2022",[  Bagage oublié] 10h18 : le trafic est interrompu entre Trocadéro et Havre-Caumartin. #Ligne9 #RATP,❌,1,2,4,[],https://twitter.com/Ligne9_RATP/status/1478657273438351361
26,Ligne 9,@Ligne9_RATP,2022-01-05T05:24:17.000Z,"Ligne 9
@Ligne9_RATP
·
Jan 5, 2022",[ Incident d’exploitation] 06h23 : le trafic est perturbé de Pont de Sèvres vers Mairie de Montreuil #Ligne9 #RATP,⚠,1,,1,[],https://twitter.com/Ligne9_RATP/status/1478598205512331267
27,Ligne 9,@Ligne9_RATP,2022-01-02T17:30:02.000Z,"Ligne 9
@Ligne9_RATP
·
Jan 2, 2022","en raison d'un bagage oublié, le trafic est interrompu entre les stations Oberkampf et Nation sur la #ligne9 du Métro. Reprise estimée à 19h10. #RATP",❌,2,2,4,[],https://twitter.com/Ligne9_RATP/status/1477693683315134468
28,Ligne 9,@Ligne9_RATP,2022-01-01T07:29:08.000Z,"Ligne 9
@Ligne9_RATP
·
Jan 1, 2022",[Malaise voyageur] 08h28 : Une rame stationne à Mairie de Montreuil. #Ligne9 #RATP,⚠,1,,1,[],https://twitter.com/Ligne9_RATP/status/1477180071945412611
29,Ligne 9,@Ligne9_RATP,2022-04-08T09:12:40.000Z,"Ligne 9
@Ligne9_RATP
·
Apr 8, 2022","En répercussion de divers incidents, le trafic est perturbé sur la #ligne9 #RATP",⚠,2,1,3,[],https://twitter.com/Ligne9_RATP/status/1512357748725456898
30,Ligne 9,@Ligne9_RATP,2022-04-08T06:09:03.000Z,"Ligne 9
@Ligne9_RATP
·
Apr 8, 2022"," En raison d'une panne de signalisation, le trafic est perturbé sur l'ensemble de la #ligne9 #RATP",⚠,7,4,2,[],https://twitter.com/Ligne9_RATP/status/1512311542779371522
31,Ligne 9,@Ligne9_RATP,2022-04-07T18:32:58.000Z,"Ligne 9
@Ligne9_RATP
·
Apr 7, 2022", Le trafic est perturbé sur l'ensemble de la #Ligne9 en raison de personnes sur les voies. #RATP,⚠,2,1,5,[],https://twitter.com/Ligne9_RATP/status/1512136364778786819
32,Ligne 9,@Ligne9_RATP,2022-04-06T09:55:50.000Z,"Ligne 9
@Ligne9_RATP
·
Apr 6, 2022"," En raison d'un bagage oublié à La Muette, le trafic est perturbé en direction de Pont de Sèvre. #ligne9 #RATP",⚠,1,,4,[],https://twitter.com/Ligne9_RATP/status/1511643836447178756
33,Ligne 9,@Ligne9_RATP,2022-04-05T09:29:50.000Z,"Ligne 9
@Ligne9_RATP
·
Apr 5, 2022","En raison de divers incidents, le trafic est perturbé sur la #ligne9 #RATP",⚠,1,,3,[],https://twitter.com/Ligne9_RATP/status/1511274906402631680
34,Ligne 9,@Ligne9_RATP,2022-04-05T08:42:33.000Z,"Ligne 9
@Ligne9_RATP
·
Apr 5, 2022"," En raison de Personnes sur les voies, le trafic est perturbé sur la #ligne9 #RATP",⚠,2,1,3,[],https://twitter.com/Ligne9_RATP/status/1511263005597704195
35,Ligne 9,@Ligne9_RATP,2022-04-05T04:41:43.000Z,"Ligne 9
@Ligne9_RATP
·
Apr 5, 2022","En raison d'un malaise voyageur, la rame stationne à Trocadero en direction de Mairie de Montreuil sur la #Ligne9 #RATP",⚠,5,,2,[],https://twitter.com/Ligne9_RATP/status/1511202397925871618
36,Ligne 9,@Ligne9_RATP,2022-04-01T21:23:08.000Z,"Ligne 9
@Ligne9_RATP
·
Apr 1, 2022"," En répercussion de personnes sur les voies à Michel-Ange-Auteuil, le trafic est perturbé sur l'ensemble de la #Ligne9 #RATP",⚠,3,1,3,[],https://twitter.com/Ligne9_RATP/status/1510004862414737416
37,Ligne 9,@Ligne9_RATP,2022-04-01T04:53:33.000Z,"Ligne 9
@Ligne9_RATP
·
Apr 1, 2022",[ Panne de signalisation à Mairie de Montreuil] 06h50 : le trafic est perturbé sur l'ensemble de la  ligne #Ligne9 #RATP,⚠,1,,3,[],https://twitter.com/Ligne9_RATP/status/1509755826055131202
38,Ligne 9,@Ligne9_RATP,2022-04-01T04:36:21.000Z,"Ligne 9
@Ligne9_RATP
·
Apr 1, 2022",[ Panne de signalisation à Mairie de Montreuil] 06h30 : le trafic est perturbé de Porte de Montreuil vers Mairie de Montreuil #Ligne9 #RATP,⚠,1,,2,[],https://twitter.com/Ligne9_RATP/status/1509751498053459969
39,Ligne 9,@Ligne9_RATP,2022-03-31T18:51:52.000Z,"Ligne 9
@Ligne9_RATP
·
Mar 31, 2022", Une rame stationne à Richelieu-Drouot en direction de Pont de Sèvres. #ligne9 #ratp,⚠,1,,3,[],https://twitter.com/Ligne9_RATP/status/1509604409239650305
40,Ligne 9,@Ligne9_RATP,2022-03-31T16:49:56.000Z,"Ligne 9
@Ligne9_RATP
·
Mar 31, 2022", En raison d'une panne de signalisation le trafic est perturbé sur la #Ligne9 #RATP,⚠,3,3,,[],https://twitter.com/Ligne9_RATP/status/1509573721144635397
41,Ligne 9,@Ligne9_RATP,2022-03-31T16:16:36.000Z,"Ligne 9
@Ligne9_RATP
·
Mar 31, 2022",18h15  En raison d'une panne de signalisation le trafic est perturbé sur la #Ligne9 #RATP,⚠,1,,1,[],https://twitter.com/Ligne9_RATP/status/1509565334772191234
42,Ligne 9,@Ligne9_RATP,2022-03-31T09:34:22.000Z,"Ligne 9
@Ligne9_RATP
·
Mar 31, 2022",[ Incident technique] 11h30 : le trafic est perturbé de Strasbourg-Saint-Denis vers Pont de Sèvres.  #Ligne9 #RATP,⚠,1,,,[],https://twitter.com/Ligne9_RATP/status/1509464106990026755
43,Ligne 9,@Ligne9_RATP,2022-03-30T03:27:54.000Z,"Ligne 9
@Ligne9_RATP
·
Mar 30, 2022","En raison d'une fin tardive de chantier, le trafic est perturbé sur l'ensemble de la #ligne9. #RATP",⚠,3,,2,[],https://twitter.com/Ligne9_RATP/status/1509009494361182211
44,Ligne 9,@Ligne9_RATP,2022-03-29T20:29:17.000Z,"Ligne 9
@Ligne9_RATP
·
Mar 29, 2022","Le trafic est interrompu entre Chaussée d'Antin et République en raison de personnes sur les voies à Bonne Nouvelle, la reprise est estimée vers 22h40 #Ligne9 #RATP",❌,1,1,3,[],https://twitter.com/Ligne9_RATP/status/1508904146820386824
45,Ligne 9,@Ligne9_RATP,2022-03-29T03:31:27.000Z,"Ligne 9
@Ligne9_RATP
·
Mar 29, 2022", Fin tardive de chantier. Le trafic est perturbé sur l'ensemble de la #ligne9 #ratp,⚠,4,,2,[],https://twitter.com/Ligne9_RATP/status/1508648001643986947
46,Ligne 9,@Ligne9_RATP,2022-03-28T19:45:49.000Z,"Ligne 9
@Ligne9_RATP
·
Mar 28, 2022",Le trafic est perturbé sur la ligne en répercussion de personnes sur les voies à Trocadéro #Ligne9 #RATP,⚠,1,1,1,[],https://twitter.com/Ligne9_RATP/status/1508530822151872516
47,Ligne 9,@Ligne9_RATP,2022-03-28T18:11:33.000Z,"Ligne 9
@Ligne9_RATP
·
Mar 28, 2022",Le trafic est perturbé sur la ligne en répercussion de présence de personnes sur les voies à Grands Boulevards #Ligne9 #RATP,⚠,1,1,5,[],https://twitter.com/Ligne9_RATP/status/1508507099806027783
48,Ligne 9,@Ligne9_RATP,2022-03-28T03:53:26.000Z,"Ligne 9
@Ligne9_RATP
·
Mar 28, 2022", Fin tardive de chantier. Le trafic est perturbé de Mairie de Montreuil vers Pont de Sèvres. #LIGNE9 #RATP,⚠,1,,2,[],https://twitter.com/Ligne9_RATP/status/1508291146803552256
49,Ligne 9,@Ligne9_RATP,2022-03-25T15:52:59.000Z,"Ligne 9
@Ligne9_RATP
·
Mar 25, 2022","En raison d'un bagage oublié, le trafic est interrompu entre les stations Porte de Montreuil et Mairie de Montreuil sur la #ligne9 #RATP. Reprise estimée à 17h15",❌,2,,2,[],https://twitter.com/Ligne9_RATP/status/1507385064774057985
50,Ligne 9,@Ligne9_RATP,2022-03-25T12:52:28.000Z,"Ligne 9
@Ligne9_RATP
·
Mar 25, 2022","En raison de Personnes sur les voies, une rame stationne à Bonne Nouvelle en direction de Mairie de Montreuil #Ligne9 #RATP",⚠,1,2,2,[],https://twitter.com/Ligne9_RATP/status/1507339632618483713
51,Ligne 9,@Ligne9_RATP,2022-03-24T22:56:34.000Z,"Ligne 9
@Ligne9_RATP
·
Mar 24, 2022"," En répercussion de divers incidents, le trafic est perturbé sur l’ensemble de la #Ligne9 #RATP",⚠,1,,4,[],https://twitter.com/Ligne9_RATP/status/1507129273571762176
52,Ligne 9,@Ligne9_RATP,2022-03-23T17:57:56.000Z,"Ligne 9
@Ligne9_RATP
·
Mar 23, 2022",Une rame stationne à Porte de Saint-Cloud en direction de Pont de Sèvres en raison d'un incident affectant la voie #Ligne9 #RATP,⚠,1,,2,[],https://twitter.com/Ligne9_RATP/status/1506691732502724608
53,Ligne 9,@Ligne9_RATP,2022-03-23T17:56:09.000Z,"Ligne 9
@Ligne9_RATP
·
Mar 23, 2022",Une rame stationne à Pont de Sèvres en raison d'un incident technique #Ligne9 #RATP,⚠,1,,2,[],https://twitter.com/Ligne9_RATP/status/1506691283649286148
54,Ligne 9,@Ligne9_RATP,2022-03-23T08:17:34.000Z,"Ligne 9
@Ligne9_RATP
·
Mar 23, 2022","en raison de Personnes sur les voies, le trafic est perturbé sur la #ligne9 #RATP",⚠,1,2,2,[],https://twitter.com/Ligne9_RATP/status/1506545676502581254
55,Ligne 9,@Ligne9_RATP,2022-03-16T22:57:11.000Z,"Ligne 9
@Ligne9_RATP
·
Mar 16, 2022",Malaise voyageur : Une rame stationne à Pont de Sèvres ne direction de Mairie de Montreuil. #LIGNE9 #ATP,⚠,1,,4,[],https://twitter.com/Ligne9_RATP/status/1504230326540947463
56,Ligne 9,@Ligne9_RATP,2022-03-14T07:46:06.000Z,"Ligne 9
@Ligne9_RATP
·
Mar 14, 2022",[  Bagage oublié à Saint Augustin] 08h44 : le trafic est interrompu entre Franklin Roosevelt et Havre Caumartin. La reprise est estimée vers 09h30.  #Ligne9 #RATP,❌,5,6,3,[],https://twitter.com/Ligne9_RATP/status/1503276266643935232
57,Ligne 9,@Ligne9_RATP,2022-03-12T09:11:41.000Z,"Ligne 9
@Ligne9_RATP
·
Mar 12, 2022"," En raison d'un bagage oublié, la rame stationne à la station Mairie de Montreuil en direction de Pont de Sevres. #Ligne9 #RATP",⚠,2,,1,[],https://twitter.com/Ligne9_RATP/status/1502573031461470209
58,Ligne 9,@Ligne9_RATP,2022-03-10T17:53:51.000Z,"Ligne 9
@Ligne9_RATP
·
Mar 10, 2022"," En répercussion d’un malaise voyageur à la station Grand Boulevard, le trafic est perturbé sur l’ensemble de la #Ligne9 #RATP",⚠,3,,4,[],https://twitter.com/Ligne9_RATP/status/1501979659898077184
59,Ligne 9,@Ligne9_RATP,2022-03-10T12:50:13.000Z,"Ligne 9
@Ligne9_RATP
·
Mar 10, 2022","En raison d'un incident affectant la voie, le trafic est interrompu entre Pont de Sèvres et Trocadéro. La reprise du trafic est estimée vers 14h00. #RATP #ligne9",❌,,,1,[],https://twitter.com/Ligne9_RATP/status/1501903248994750468
60,Ligne 9,@Ligne9_RATP,2022-03-10T11:03:15.000Z,"Ligne 9
@Ligne9_RATP
·
Mar 10, 2022","en raison d'un incident affectant la voie, la rame stationne à la station Porte de Saint-Cloud en direction de Mairie de Montreuil. #ligne9 #RATP",⚠,1,,2,[],https://twitter.com/Ligne9_RATP/status/1501876329570091017
61,Ligne 9,@Ligne9_RATP,2022-03-10T10:23:06.000Z,"Ligne 9
@Ligne9_RATP
·
Mar 10, 2022",En répercussion d'un bagage oublié à Miromesnil le trafic est perturbé sur l'ensemble de la #ligne9. #RATP,ℹ,2,,,[],https://twitter.com/Ligne9_RATP/status/1501866228272533507
62,Ligne 9,@Ligne9_RATP,2022-03-08T16:41:30.000Z,"Ligne 9
@Ligne9_RATP
·
Mar 8, 2022"," Une rame stationne à Saint-Philippe du Roule en direction de Mairie de Montreuil, en raison d'un malaise voyageur. #Ligne9 #RATP",⚠,4,1,3,[],https://twitter.com/Ligne9_RATP/status/1501236678970822665
63,Ligne 9,@Ligne9_RATP,2022-03-08T16:25:37.000Z,"Ligne 9
@Ligne9_RATP
·
Mar 8, 2022"," Une rame stationne à la Porte de Saint-Cloud en direction de Mairie de Montreuil, en raison de mesures de sécurité. #Ligne9 #RATP",⚠,2,,2,[],https://twitter.com/Ligne9_RATP/status/1501232683346714624
64,Ligne 9,@Ligne9_RATP,2022-03-07T10:06:53.000Z,"Ligne 9
@Ligne9_RATP
·
Mar 7, 2022"," En raison d'une affluence exceptionnelle de voyageurs, le trafic est perturbé en direction de Pont de Sèvres. #Ligne9 #RATP",⚠,4,4,6,[],https://twitter.com/Ligne9_RATP/status/1500774980325457926
65,Ligne 9,@Ligne9_RATP,2022-03-06T16:41:17.000Z,"Ligne 9
@Ligne9_RATP
·
Mar 6, 2022",[  Bagage oublié à Franklin Roosevelt] 17h40 : le trafic est interrompu entre Havre-Caumartin et Trocadéro. La reprise est estimée vers 18h00.  #Ligne9 #RATP,❌,3,,3,[],https://twitter.com/Ligne9_RATP/status/1500511848071843840
66,Ligne 9,@Ligne9_RATP,2022-03-05T10:55:32.000Z,"Ligne 9
@Ligne9_RATP
·
Mar 5, 2022"," En raison de personnes sur les voies, une rame stationne à Jasmin. #ligne9 #RATP",⚠,1,1,4,[],https://twitter.com/Ligne9_RATP/status/1500062451093716992
67,Ligne 9,@Ligne9_RATP,2022-03-05T08:10:08.000Z,"Ligne 9
@Ligne9_RATP
·
Mar 5, 2022", Le trafic est perturbé sur l'ensemble de la #ligne9 #RATP en raison d'un incident d'exploitation.,⚠,2,1,4,[],https://twitter.com/Ligne9_RATP/status/1500020826413973504
68,Ligne 9,@Ligne9_RATP,2022-03-01T10:37:48.000Z,"Ligne 9
@Ligne9_RATP
·
Mar 1, 2022",Le trafic est perturbé sur la ligne en raison d'un incident affectant la voie à Trocadéro. #Ligne9 #RATP,⚠,1,1,2,[],https://twitter.com/Ligne9_RATP/status/1498608436090703874
69,Ligne 9,@Ligne9_RATP,2022-03-01T09:41:48.000Z,"Ligne 9
@Ligne9_RATP
·
Mar 1, 2022",Le trafic est perturbé sur la ligne en raison d'une panne de signalisation à Trocadéro. #Ligne9 #RATP,⚠,3,,4,[],https://twitter.com/Ligne9_RATP/status/1498594342235262979
70,Ligne 9,@Ligne9_RATP,2022-02-28T20:24:11.000Z,"Ligne 9
@Ligne9_RATP
·
Feb 28, 2022",Le trafic est perturbé sur la ligne en répercussion de divers incidents #Ligne9 #RATP,⚠,1,,3,[],https://twitter.com/Ligne9_RATP/status/1498393614476529676
71,Ligne 9,@Ligne9_RATP,2022-02-28T16:57:42.000Z,"Ligne 9
@Ligne9_RATP
·
Feb 28, 2022","en raison d'un incident affectant la voie, la rame stationne à la station Trocadero en direction de Pont de Sevres. #ligne9 #RATP",⚠,6,1,4,[],https://twitter.com/Ligne9_RATP/status/1498341652557090821
72,Ligne 9,@Ligne9_RATP,2022-02-28T07:21:06.000Z,"Ligne 9
@Ligne9_RATP
·
Feb 28, 2022","En raison d'une panne de signalisation à Porte de Saint-Cloud, le trafic est perturbé sur l'ensemble de la #ligne9 #RATP",⚠,10,7,3,[],https://twitter.com/Ligne9_RATP/status/1498196546252333059
73,Ligne 9,@Ligne9_RATP,2022-02-25T17:49:09.000Z,"Ligne 9
@Ligne9_RATP
·
Feb 25, 2022"," En répercussion de divers incidents, le trafic est perturbé sur l’ensemble de la #Ligne9 #RATP",⚠,2,,9,[],https://twitter.com/Ligne9_RATP/status/1497267437040975873
74,Ligne 9,@Ligne9_RATP,2022-02-25T15:18:15.000Z,"Ligne 9
@Ligne9_RATP
·
Feb 25, 2022"," En raison de personnes sur les voies à la station Alma Marceau, le trafic est interrompu entre Trocadéro et Havre Caumartin. La reprise est estimée vers 15h30 .#Ligne9 #RATP",❌,2,2,7,[],https://twitter.com/Ligne9_RATP/status/1497229462349529089
75,Ligne 9,@Ligne9_RATP,2022-02-24T21:50:40.000Z,"Ligne 9
@Ligne9_RATP
·
Feb 24, 2022"," en raison d'une panne de signalisation, la rame stationne à la station Miromesnil en direction de Mairie de Montreuil. #ligne9 #RATP",⚠,1,,3,[],https://twitter.com/Ligne9_RATP/status/1496965829812002822
76,Ligne 9,@Ligne9_RATP,2022-02-23T06:23:27.000Z,"Ligne 9
@Ligne9_RATP
·
Feb 23, 2022"," En raison d'un incident affectant la voie, le trafic est interrompu entre Pont de Sèvres et Porte de Saint-Cloud. Reprise du trafic estimée vers 08h00. #Ligne9 #RATP",❌,5,2,5,"['https://pbs.twimg.com/media/FMQsq6bXMAIGySa?format=webp&name=900x900', 'https://pbs.twimg.com/media/FMQsrIMXwAAsk14?format=webp&name=900x900']",https://twitter.com/Ligne9_RATP/status/1496370099321810948
77,Ligne 9,@Ligne9_RATP,2022-02-22T06:47:29.000Z,"Ligne 9
@Ligne9_RATP
·
Feb 22, 2022"," En raison d'un incident technique, le trafic est perturbé en direction de Mairie de Montreuil. #Ligne9 #RATP",⚠,9,5,6,[],https://twitter.com/Ligne9_RATP/status/1496013758300368898
78,Ligne 9,@Ligne9_RATP,2022-02-22T05:12:52.000Z,"Ligne 9
@Ligne9_RATP
·
Feb 22, 2022"," En raison d'un incident d'exploitation, le trafic est perturbé en direction de Mairie de Montreuil. #ligne9 #RATP",⚠,2,,2,[],https://twitter.com/Ligne9_RATP/status/1495989948717182977
79,Ligne 9,@Ligne9_RATP,2022-02-21T17:20:43.000Z,"Ligne 9
@Ligne9_RATP
·
Feb 21, 2022",Une rame stationne à Miromesnil en direction de Pont de Sèvres en raison d'un malaise voyageur dans la rame #Ligne9 #RATP,⚠,1,,1,[],https://twitter.com/Ligne9_RATP/status/1495810730062450698
80,Ligne 9,@Ligne9_RATP,2022-02-21T17:10:34.000Z,"Ligne 9
@Ligne9_RATP
·
Feb 21, 2022",Une rame stationne à Grands Boulevards en direction de Pont de Sèvres (intervention d'agent) #Ligne9 #RATP,⚠,1,,1,[],https://twitter.com/Ligne9_RATP/status/1495808174435323909
81,Ligne 9,@Ligne9_RATP,2022-02-21T16:48:18.000Z,"Ligne 9
@Ligne9_RATP
·
Feb 21, 2022",Une rame stationne à Robespierre en direction de Pont de Sèvres en raison d'un malaise voyageur dans la rame #Ligne9 #RATP,⚠,2,,4,[],https://twitter.com/Ligne9_RATP/status/1495802572065673222
82,Ligne 9,@Ligne9_RATP,2022-02-21T14:15:43.000Z,"Ligne 9
@Ligne9_RATP
·
Feb 21, 2022",Une rame stationne à Rue de la Pompe en direction de Pont de Sèvres en raison d'intervention des équipes techniques #Ligne9 #RATP,⚠,1,,2,[],https://twitter.com/Ligne9_RATP/status/1495764171606085635
83,Ligne 9,@Ligne9_RATP,2022-02-21T11:12:51.000Z,"Ligne 9
@Ligne9_RATP
·
Feb 21, 2022"," En raison d'un incident d'exploitation, une rame stationne à Mairie de Montreuil en direction de Pont de Sèvres. #Ligne9 #RATP",⚠,2,,6,[],https://twitter.com/Ligne9_RATP/status/1495718152562515973
84,Ligne 9,@Ligne9_RATP,2022-02-20T15:21:43.000Z,"Ligne 9
@Ligne9_RATP
·
Feb 20, 2022","En répercussion de personnes sur les voies à Oberkampf, le trafic est perturbé sur la #Ligne9 #RATP",⚠,1,1,3,[],https://twitter.com/Ligne9_RATP/status/1495418393465434113
85,Ligne 9,@Ligne9_RATP,2022-05-20T15:39:48.000Z,"Ligne 9
@Ligne9_RATP
·
May 20, 2022"," En raison d'un incident technique à Nation, le trafic est perturbé sur l'ensemble de la #ligne9 #RATP",⚠,1,1,1,[],https://twitter.com/Ligne9_RATP/status/1527675466831773708
86,Ligne 9,@Ligne9_RATP,2022-05-19T19:24:07.000Z,"Ligne 9
@Ligne9_RATP
·
May 19, 2022", Bagage oublié à Trocadéro. Le trafic est interrompu entre Trocadéro et Franklin Roosevelt. La reprise du service est estimée à 21h45 #ligne9 #ratp,❌,3,3,5,[],https://twitter.com/Ligne9_RATP/status/1527369527163777025
87,Ligne 9,@Ligne9_RATP,2022-05-19T07:16:25.000Z,"Ligne 9
@Ligne9_RATP
·
May 19, 2022",Le trafic est perturbé à Franklin D. Roosevelt en direction de Pont de Sèvres en raison d'un incident affectant la voie à Franklin D. Roosevelt. #ligne9 #RATP,⚠,13,2,3,[],https://twitter.com/Ligne9_RATP/status/1527186397597253633
88,Ligne 9,@Ligne9_RATP,2022-05-16T14:43:30.000Z,"Ligne 9
@Ligne9_RATP
·
May 16, 2022",Une rame stationne à Pont de Sèvres en direction de Mairie de Montreuil en raison de l'intervention de nos agents #Ligne9 #RATP,⚠,1,,1,[],https://twitter.com/Ligne9_RATP/status/1526211747551526915
89,Ligne 9,@Ligne9_RATP,2022-05-12T06:09:15.000Z,"Ligne 9
@Ligne9_RATP
·
May 12, 2022"," En raison d'un incident technique, le trafic est interrompu entre Porte de Saint Cloud et Trocadéro. La reprise du trafic est estimée vers 08:45 #ligne9  #RATP",⚠,20,9,10,[],https://twitter.com/Ligne9_RATP/status/1524632779819991040
90,Ligne 9,@Ligne9_RATP,2022-05-10T06:39:09.000Z,"Ligne 9
@Ligne9_RATP
·
May 10, 2022", Le trafic est perturbé sur l'ensemble de la #ligne9 #RATP en répercussion d'un malaise voyageur,⚠,5,3,4,[],https://twitter.com/Ligne9_RATP/status/1523915529743966209
91,Ligne 9,@Ligne9_RATP,2022-05-10T06:12:07.000Z,"Ligne 9
@Ligne9_RATP
·
May 10, 2022", Une rame stationne à Strasbourg St Denis en direction de Pont de Sèvres pour un malaise voyageur. #ligne9 #RATP,⚠,6,6,3,[],https://twitter.com/Ligne9_RATP/status/1523908725408477185
92,Ligne 9,@Ligne9_RATP,2022-05-09T06:49:17.000Z,"Ligne 9
@Ligne9_RATP
·
May 9, 2022", Le trafic est perturbé en dir. de Pont de Sévres en raison d'un malaise voyageur à Franklin D Roosevelt. #ligne9 #RATP,⚠,3,3,4,[],https://twitter.com/Ligne9_RATP/status/1523555689494368256
93,Ligne 9,@Ligne9_RATP,2022-05-07T20:47:37.000Z,"Ligne 9
@Ligne9_RATP
·
May 7, 2022"," En raison de personnes sur les voies à la station Robespierre, le trafic est interrompu entre Porte de Montreuil et Mairie de Montreuil . La reprise est estimée vers 23h00 .#Ligne9 #RATP",❌,1,3,5,[],https://twitter.com/Ligne9_RATP/status/1523041889242738688
94,Ligne 9,@Ligne9_RATP,2022-05-05T18:54:05.000Z,"Ligne 9
@Ligne9_RATP
·
May 5, 2022"," En raison de personnes sur les voies, le trafic est interrompu entre Trocadero et Franklin D. Roosevelt. La reprise du trafic est estimée vers 21h15. #ligne9 #RATP",❌,2,1,5,[],https://twitter.com/Ligne9_RATP/status/1522288541132328963
95,Ligne 9,@Ligne9_RATP,2022-04-29T19:20:06.000Z,"Ligne 9
@Ligne9_RATP
·
Apr 29, 2022",Le trafic est interrompu entre Trocadéro et Havre-Caumartin sur la #Ligne9 #RATP en raison d'un incident affectant la voie à Saint Philippe du Roule. La reprise est estimée vers 21h30.,❌,1,3,6,[],https://twitter.com/Ligne9_RATP/status/1520120760265846785
96,Ligne 9,@Ligne9_RATP,2022-04-28T18:51:59.000Z,"Ligne 9
@Ligne9_RATP
·
Apr 28, 2022"," En raison de personnes sur les voies , le trafic est interrompu entre Nation et Mairie de Montreuil. La reprise est estimée vers 21h20.#Ligne9 #RATP",❌,1,1,3,[],https://twitter.com/Ligne9_RATP/status/1519751298379358214
97,Ligne 9,@Ligne9_RATP,2022-04-28T18:42:20.000Z,"Ligne 9
@Ligne9_RATP
·
Apr 28, 2022"," En raison d'un incident voyageur à la station Maraicher, une rame stationne  .#Ligne9 #RATP",❌,1,,3,[],https://twitter.com/Ligne9_RATP/status/1519748869457858560
98,Ligne 9,@Ligne9_RATP,2022-04-27T14:38:04.000Z,"Ligne 9
@Ligne9_RATP
·
Apr 27, 2022",Le trafic est perturbé sur la ligne en raison d'un bagage oublié à Mairie de Montreuil #Ligne9 #RATP,⚠,2,,1,[],https://twitter.com/Ligne9_RATP/status/1519325008375521281
99,Ligne 9,@Ligne9_RATP,2022-04-27T04:02:44.000Z,"Ligne 9
@Ligne9_RATP
·
Apr 27, 2022",Le trafic est perturbé de Mairie de Montreuil en direction de Pont de Sèvres en raison d'une panne mécanique #Ligne9 #RATP,⚠,1,1,1,[],https://twitter.com/Ligne9_RATP/status/1519165122501038080
100,Ligne 9,@Ligne9_RATP,2022-04-25T10:30:30.000Z,"Ligne 9
@Ligne9_RATP
·
Apr 25, 2022","En raison d'un incident d'exploitation, le trafic est perturbé sur l'ensemble de la #Ligne9 #RATP",⚠,1,,3,[],https://twitter.com/Ligne9_RATP/status/1518537932944117760
101,Ligne 9,@Ligne9_RATP,2022-04-25T06:44:32.000Z,"Ligne 9
@Ligne9_RATP
·
Apr 25, 2022","En raison d'un incident bagage oublié, le trafic est interrompu entre Pont de Sèvres et Porte de Saint  Cloud sur la #ligne9 #RATP. La reprise est estimée vers 09h10.",❌,2,1,3,[],https://twitter.com/Ligne9_RATP/status/1518481063986831362
102,Ligne 9,@Ligne9_RATP,2022-04-24T15:31:16.000Z,"Ligne 9
@Ligne9_RATP
·
Apr 24, 2022", Une rame stationne à Strasbourg-Saint Denis en direction de Mairie de Montreuil en raison d'un incident nécessitant l'intervention d'un agent #Ligne9 #RATP,⚠,1,,5,[],https://twitter.com/Ligne9_RATP/status/1518251232242159616
103,Ligne 9,@Ligne9_RATP,2022-04-24T12:44:16.000Z,"Ligne 9
@Ligne9_RATP
·
Apr 24, 2022", Le trafic est interrompu entre Trocadéro et Havre-Caumartin en raison de mesures de sécurité. Reprise estimée du trafic vers 15:00 #Ligne9 #RATP,❌,1,1,4,[],https://twitter.com/Ligne9_RATP/status/1518209206377230342
104,Ligne 9,@Ligne9_RATP,2022-04-23T05:10:04.000Z,"Ligne 9
@Ligne9_RATP
·
Apr 23, 2022"," En répercussion de personnes sur les voies à République, le trafic est perturbé sur l'ensemble de la #ligne9 #RATP",⚠,2,2,5,[],https://twitter.com/Ligne9_RATP/status/1517732513631899648
105,Ligne 9,@Ligne9_RATP,2022-04-22T17:34:36.000Z,"Ligne 9
@Ligne9_RATP
·
Apr 22, 2022"," En raison de personnes sur les voies à Charonne, le trafic est interrompu entre République et Nation. La reprise du trafic est estimée vers 19h50 #ligne9 #RATP",❌,2,1,2,[],https://twitter.com/Ligne9_RATP/status/1517557496919085056
106,Ligne 9,@Ligne9_RATP,2022-04-22T06:08:11.000Z,"Ligne 9
@Ligne9_RATP
·
Apr 22, 2022","En répercussion de Personnes sur les voies, le trafic est perturbé sur l'ensemble de la #ligne9 #RATP",⚠,1,2,3,[],https://twitter.com/Ligne9_RATP/status/1517384753887993856
107,Ligne 9,@Ligne9_RATP,2022-04-21T16:35:46.000Z,"Ligne 9
@Ligne9_RATP
·
Apr 21, 2022"," En raison d’un malaise voyageur à la station Buzenval, le trafic est interrompu entre  Nation et  Porte de Montreuil. La reprise est estimée vers 18h40 .#Ligne9 #RATP",❌,1,2,3,[],https://twitter.com/Ligne9_RATP/status/1517180303684612096
108,Ligne 9,@Ligne9_RATP,2022-04-20T15:49:43.000Z,"Ligne 9
@Ligne9_RATP
·
Apr 20, 2022",Incident technique : Le trafic est perturbé sur l'ensemble de la ligne. #ligne9 #ratp,⚠,2,,3,[],https://twitter.com/Ligne9_RATP/status/1516806325359058952
109,Ligne 9,@Ligne9_RATP,2022-04-19T14:15:25.000Z,"Ligne 9
@Ligne9_RATP
·
Apr 19, 2022",Actionnement d'un signal d'alarme : Le trafic est perturbé sur l'ensemble de la ligne. #ligne9 #ratp,⚠,1,,2,[],https://twitter.com/Ligne9_RATP/status/1516420205802577924
110,Ligne 9,@Ligne9_RATP,2022-04-15T04:57:40.000Z,"Ligne 9
@Ligne9_RATP
·
Apr 15, 2022","En raison d'une panne de signalisation, le trafic est perturbé de Oberkampf vers Mairie de Montreuil sur la #ligne9 #RATP",⚠,3,,5,[],https://twitter.com/Ligne9_RATP/status/1514830292669931525
111,Ligne 9,@Ligne9_RATP,2022-04-15T04:12:11.000Z,"Ligne 9
@Ligne9_RATP
·
Apr 15, 2022","En raison d'une panne de signalisation, le trafic est perturbé en direction de Mairie de Montreuil, entre les stations Oberkampf et Mairie de Montreuil #ligne9 #RATP",⚠,1,,3,[],https://twitter.com/Ligne9_RATP/status/1514818846560976900
112,Ligne 9,@Ligne9_RATP,2022-04-14T20:59:05.000Z,"Ligne 9
@Ligne9_RATP
·
Apr 14, 2022","En répercussion d'une rame qui a stationné à Pont de Sèvres, le trafic est perturbé en direction de Mairie de Montreuil sur la #Ligne9 #RATP",⚠,1,1,3,[],https://twitter.com/Ligne9_RATP/status/1514709851682881541
113,Ligne 9,@Ligne9_RATP,2022-04-14T15:38:49.000Z,"Ligne 9
@Ligne9_RATP
·
Apr 14, 2022",Panne signalisation. Le trafic est perturbé de sur l'ensemble de la #LIGNE9,⚠,1,1,4,[],https://twitter.com/Ligne9_RATP/status/1514629255157661706
114,Ligne 9,@Ligne9_RATP,2022-04-14T06:24:26.000Z,"Ligne 9
@Ligne9_RATP
·
Apr 14, 2022","En raison de divers incidents, le trafic est perturbé sur l'ensemble de la #ligne9 #RATP",⚠,1,2,8,[],https://twitter.com/Ligne9_RATP/status/1514489741009424386
115,Ligne 9,@Ligne9_RATP,2022-04-12T14:59:08.000Z,"Ligne 9
@Ligne9_RATP
·
Apr 12, 2022"," En raison d'un incident voyageur à la station Sainte Augustin, le trafic est perturbé sur l’ensemble de la #Ligne9 #RATP",⚠,1,,1,[],https://twitter.com/Ligne9_RATP/status/1513894494655107083
116,Ligne 9,@Ligne9_RATP,2022-04-11T05:46:02.000Z,"Ligne 9
@Ligne9_RATP
·
Apr 11, 2022",Incident affectant la voie : Le trafic est perturbé sur l'ensemble de la ligne. #ligne9 #ratp,⚠,1,3,5,[],https://twitter.com/Ligne9_RATP/status/1513392910938644480
117,Ligne 9,@Ligne9_RATP,2022-07-18T14:04:15.000Z,"Ligne 9
@Ligne9_RATP
·
Jul 18, 2022", Le trafic est interrompu entre Porte de Montreuil et Mairie de Montreuil en raison d'une intervention des forces de l'ordre. Reprise estimée du trafic vers 16h30 #Ligne9 #RATP,❌,1,4,4,[],https://twitter.com/Ligne9_RATP/status/1549032301673291778
118,Ligne 9,@Ligne9_RATP,2022-07-15T16:17:40.000Z,"Ligne 9
@Ligne9_RATP
·
Jul 15, 2022",Le trafic est perturbé sur la ligne en répercussion d'un malaise voyageur à Jasmin #Ligne9 #RATP,⚠,1,1,2,[],https://twitter.com/Ligne9_RATP/status/1547978714054479873
119,Ligne 9,@Ligne9_RATP,2022-07-15T09:08:20.000Z,"Ligne 9
@Ligne9_RATP
·
Jul 15, 2022",Malaise voyageur : Un train stationne à Chaussée d'Antin en direction de Mairie de Montreuil. #ligne9 #ratp,⚠,1,,1,[],https://twitter.com/Ligne9_RATP/status/1547870670867968001
120,Ligne 9,@Ligne9_RATP,2022-07-14T17:37:42.000Z,"Ligne 9
@Ligne9_RATP
·
Jul 14, 2022"," En raison de personnes sur les voies à la station Franklin Roosevelt, le trafic est interrompu entre Iéna et Saint Philippe du Roule. La reprise est estimée vers 20h00.#Ligne9 #RATP",❌,1,4,5,[],https://twitter.com/Ligne9_RATP/status/1547636467853209603
121,Ligne 9,@Ligne9_RATP,2022-07-12T14:48:13.000Z,"Ligne 9
@Ligne9_RATP
·
Jul 12, 2022",Personnes sur les voies : Une rame stationne à Ièna en direction de Mairie de Montreuil. #ligne9 #ratp,⚠,3,2,3,[],https://twitter.com/Ligne9_RATP/status/1546869039569534978
122,Ligne 9,@Ligne9_RATP,2022-07-08T14:28:59.000Z,"Ligne 9
@Ligne9_RATP
·
Jul 8, 2022",Bagage oublié : Le trafic est interrompu entre Pont de Sèvres et Porte de Saint Cloud. La reprise est estimée vers 16h45. #ligne9 #ratp,❌,2,,1,[],https://twitter.com/Ligne9_RATP/status/1545414650061373441
123,Ligne 9,@Ligne9_RATP,2022-07-05T09:06:34.000Z,"Ligne 9
@Ligne9_RATP
·
Jul 5, 2022"," En raison de personnes sur les voies à Strasbourg – Saint-Denis, le trafic est interrompu entre Havre – Caumartin et Oberkampf et reprendra vers 11h45. #Ligne9 #RATP",❌,1,2,2,[],https://twitter.com/Ligne9_RATP/status/1544246347804598273
124,Ligne 9,@Ligne9_RATP,2022-07-03T20:19:24.000Z,"Ligne 9
@Ligne9_RATP
·
Jul 3, 2022", Le trafic est interrompu entre Pont de Sèvres et Porte de Saint-Cloud en raison d'un bagage oublié. Reprise estimée du trafic vers 23:00 #Ligne9 #RATP,❌,1,,4,[],https://twitter.com/Ligne9_RATP/status/1543690895110848514
125,Ligne 9,@Ligne9_RATP,2022-07-02T19:23:17.000Z,"Ligne 9
@Ligne9_RATP
·
Jul 2, 2022",Le trafic est perturbé sur l’ensemble de la #Ligne9 en raison d'une panne de signalisation #RATP,⚠,1,,3,[],https://twitter.com/Ligne9_RATP/status/1543314385883496448
126,Ligne 9,@Ligne9_RATP,2022-07-02T17:12:47.000Z,"Ligne 9
@Ligne9_RATP
·
Jul 2, 2022", Le trafic est perturbé sur l'ensemble de la ligne en raison de divers incidents. #Ligne9 #RATP,⚠,2,,5,[],https://twitter.com/Ligne9_RATP/status/1543281545917743104
127,Ligne 9,@Ligne9_RATP,2022-06-29T16:07:48.000Z,"Ligne 9
@Ligne9_RATP
·
Jun 29, 2022", Malaise voyageur. Le trafic est interrompu entre Oberkampf et Havre-Caumartin en direction de Pont de Sèvres. Reprise estimée à 18h30. #ligne9 #ratp,❌,4,3,1,[],https://twitter.com/Ligne9_RATP/status/1542178026863067136
128,Ligne 9,@Ligne9_RATP,2022-06-28T22:34:37.000Z,"Ligne 9
@Ligne9_RATP
·
Jun 29, 2022",Le trafic est interrompu entre Pont de Sèvres et Porte de Saint-Cloud en raison d'un bagage oublié à Pont de Sèvres et ceci jusqu'à fin de service #Ligne9 #RATP,❌,2,,1,"['https://pbs.twimg.com/media/FWX5rsgXwAIMKGB?format=webp&name=900x900', 'https://pbs.twimg.com/media/FWX5r6eXwAEeiy5?format=webp&name=900x900']",https://twitter.com/Ligne9_RATP/status/1541912984473190400
129,Ligne 9,@Ligne9_RATP,2022-06-23T09:49:45.000Z,"Ligne 9
@Ligne9_RATP
·
Jun 23, 2022",11h48  La rame stationne à Strasbourg Saint-Denis en direction de Mairie de Montreuil #ligne9 en raison d'un malaise voyageur #RATP,⚠,1,,1,[],https://twitter.com/Ligne9_RATP/status/1539908558128652290
130,Ligne 9,@Ligne9_RATP,2022-06-23T09:28:34.000Z,"Ligne 9
@Ligne9_RATP
·
Jun 23, 2022", Le trafic est perturbé en direction de Mairie de Montreuil en raison d'un bagage oublié à Trocadéro #Ligne9 #RATP,⚠,1,,3,[],https://twitter.com/Ligne9_RATP/status/1539903227650621440
131,Ligne 9,@Ligne9_RATP,2022-06-23T06:55:56.000Z,"Ligne 9
@Ligne9_RATP
·
Jun 23, 2022","08h54  En raison d'un incident technique, le trafic est perturbé sur la #Ligne9 #RATP",⚠,1,,2,[],https://twitter.com/Ligne9_RATP/status/1539864816961077250
132,Ligne 9,@Ligne9_RATP,2022-06-22T09:49:53.000Z,"Ligne 9
@Ligne9_RATP
·
Jun 22, 2022","En raison d'un malaise voyageur, le trafic est perturbé de Rue de la Pompe (Avenue Georges Mandel) vers Mairie de Montreuil sur la #ligne9 #RATP",⚠,1,,3,[],https://twitter.com/Ligne9_RATP/status/1539546205457420290
133,Ligne 9,@Ligne9_RATP,2022-06-21T06:13:51.000Z,"Ligne 9
@Ligne9_RATP
·
Jun 21, 2022","En raison d'un malaise voyageur, une rame stationne à Exelmans en direction de Mairie de Montreuil. #Ligne9 #RATP",⚠,2,2,2,[],https://twitter.com/Ligne9_RATP/status/1539129451987992576
134,Ligne 9,@Ligne9_RATP,2022-06-16T16:24:41.000Z,"Ligne 9
@Ligne9_RATP
·
Jun 16, 2022","en raison d'une panne de signalisation, le trafic est perturbé de Croix de Chavaux vers Pont de Sèvres. #ligne9 #RATP",⚠,2,,1,[],https://twitter.com/Ligne9_RATP/status/1537471231334699015
135,Ligne 9,@Ligne9_RATP,2022-06-15T21:11:17.000Z,"Ligne 9
@Ligne9_RATP
·
Jun 15, 2022"," En raison de mesures de régulation, le trafic est perturbé sur l'ensemble de la ligne. #ligne9. #RATP",⚠,1,,4,[],https://twitter.com/Ligne9_RATP/status/1537180968691601408
136,Ligne 9,@Ligne9_RATP,2022-06-15T07:11:08.000Z,"Ligne 9
@Ligne9_RATP
·
Jun 15, 2022"," En raison d'un bagage oublié à Pont de Sèvres, le trafic est perturbé sur l'ensemble de la #ligne9 #RATP",⚠,4,,1,[],https://twitter.com/Ligne9_RATP/status/1536969539757522944
137,Ligne 9,@Ligne9_RATP,2022-06-15T03:42:09.000Z,"Ligne 9
@Ligne9_RATP
·
Jun 15, 2022"," En raison d'une panne de signalisation à Porte de Saint Cloud, le trafic est perturbé en direction de Mairie de Montreuil sur la #ligne9 #RATP.",⚠,1,,2,[],https://twitter.com/Ligne9_RATP/status/1536916946939150338
138,Ligne 9,@Ligne9_RATP,2022-06-14T14:04:37.000Z,"Ligne 9
@Ligne9_RATP
·
Jun 14, 2022", Un train stationne à la station Porte de Saint-Cloud en direction de Mairie de Montreuil en raison d'une panne de signalisation. #ligne9 #RATP,⚠,1,,3,[],https://twitter.com/Ligne9_RATP/status/1536711207104675848
139,Ligne 9,@Ligne9_RATP,2022-06-14T07:21:32.000Z,"Ligne 9
@Ligne9_RATP
·
Jun 14, 2022"," En raison d'un malaise voyageur, une rame stationne à Strasbourg Saint-Denis en direction de Pont de Sèvres. #ligne9 #RATP",⚠,1,,3,[],https://twitter.com/Ligne9_RATP/status/1536609769926041600
140,Ligne 9,@Ligne9_RATP,2022-06-12T15:38:56.000Z,"Ligne 9
@Ligne9_RATP
·
Jun 12, 2022",Le trafic est interrompu entre les stations Mairie de Montreuil et Nation en raison d'un obstacle sur la voie. Reprise estimée du trafic vers 17h50. #Ligne9 #RATP,❌,1,,1,[],https://twitter.com/Ligne9_RATP/status/1536010166977630210
141,Ligne 9,@Ligne9_RATP,2022-06-08T10:30:26.000Z,"Ligne 9
@Ligne9_RATP
·
Jun 8, 2022"," En raison d'un bagage oublié à Mairie de Montreuil, le trafic est interrompu entre Mairie de Montreuil et Porte de Montreuil. La reprise du trafic est estimée vers 12h45.  #Ligne9 #RATP",❌,2,1,1,[],https://twitter.com/Ligne9_RATP/status/1534482979812163586
142,Ligne 9,@Ligne9_RATP,2022-06-07T08:47:54.000Z,"Ligne 9
@Ligne9_RATP
·
Jun 7, 2022"," En raison d'un incident d'exploitation, le trafic est interrompu entre les stations Nation et Oberkampf sur la #Ligne9 #RATP. La reprise est estimée vers 11h00.",❌,1,,2,[],https://twitter.com/Ligne9_RATP/status/1534094791063093248
143,Ligne 9,@Ligne9_RATP,2022-06-06T16:58:57.000Z,"Ligne 9
@Ligne9_RATP
·
Jun 6, 2022", Une rame stationne à Saint Philippe du Roule en direction de Mairie de Montreuil en raison d'un malaise voyageur #Ligne9 #RATP,⚠,1,1,3,[],https://twitter.com/Ligne9_RATP/status/1533855977736372224
144,Ligne 9,@Ligne9_RATP,2022-06-06T04:31:57.000Z,"Ligne 9
@Ligne9_RATP
·
Jun 6, 2022",Le trafic est perturbé à Croix de Chavaux en direction de Mairie de Montreuil en raison de personnes sur les voies sur la #Ligne9 #RATP et la station n'est pas desservie.,⚠,1,1,1,[],https://twitter.com/Ligne9_RATP/status/1533667987688914944
145,Ligne 9,@Ligne9_RATP,2022-06-03T14:47:00.000Z,"Ligne 9
@Ligne9_RATP
·
Jun 3, 2022"," En raison d'un malaise voyageur à la station Nation, le trafic est perturbé sur l'ensemble de la ligne. #ligne9 #RATP",⚠,1,1,2,[],https://twitter.com/Ligne9_RATP/status/1532735607742599175
146,Ligne 9,@Ligne9_RATP,2022-06-02T17:52:07.000Z,"Ligne 9
@Ligne9_RATP
·
Jun 2, 2022",Le trafic est perturbé sur l'ensemble de la ligne en raison d'une intervention des équipes techniques à Mairie de Montreuil #Ligne9 #RATP,⚠,2,1,4,[],https://twitter.com/Ligne9_RATP/status/1532419807320104960
147,Ligne 9,@Ligne9_RATP,2022-06-01T07:55:41.000Z,"Ligne 9
@Ligne9_RATP
·
Jun 1, 2022", Le trafic est perturbé sur l'ensemble de la ligne en raison d'un malaise voyageur à République. #ligne9 #RATP,⚠,1,1,3,[],https://twitter.com/Ligne9_RATP/status/1531907320904617984
148,Ligne 9,@Ligne9_RATP,2022-05-31T09:56:25.000Z,"Ligne 9
@Ligne9_RATP
·
May 31, 2022","Malaise voyageur à Jasmin, une rame stationne en direction de Pont de Sèvres. #LIGNE9 #RATP",⚠,1,1,4,[],https://twitter.com/Ligne9_RATP/status/1531575315159465984
149,Ligne 9,@Ligne9_RATP,2022-09-06T11:19:02.000Z,"Ligne 9
@Ligne9_RATP
·
Sep 6, 2022",Panne de signalisation. Le trafic est perturbé de Nation vers Pont de Sèvres #ligne9 #ratp,⚠,1,2,,[],https://twitter.com/Ligne9_RATP/status/1567110119388848128
150,Ligne 9,@Ligne9_RATP,2022-09-05T20:53:48.000Z,"Ligne 9
@Ligne9_RATP
·
Sep 5, 2022"," le trafic est interrompu entre Nation et Mairie de Montreuil, reprise estimée du trafic vers 23h30. Cela fait suite à des personnes sur les voies à Porte de Montreuil #Ligne9 #RATP",❌,1,2,,[],https://twitter.com/Ligne9_RATP/status/1566892377440231441
151,Ligne 9,@Ligne9_RATP,2022-09-05T17:20:39.000Z,"Ligne 9
@Ligne9_RATP
·
Sep 5, 2022", le trafic est interrompu entre Havre – Caumartin et Oberkampf et reprendra vers 19h45. Cela fait suite à des personnes sur les voies à Bonne Nouvelle #Ligne9 #RATP,❌,4,3,2,[],https://twitter.com/Ligne9_RATP/status/1566838735341330433
152,Ligne 9,@Ligne9_RATP,2022-08-31T16:11:28.000Z,"Ligne 9
@Ligne9_RATP
·
Aug 31, 2022","En raison de Mesures de régulation, le trafic est perturbé sur la #Ligne9 #RATP",⚠,3,1,1,[],https://twitter.com/Ligne9_RATP/status/1565009386162257920
153,Ligne 9,@Ligne9_RATP,2022-08-31T09:55:27.000Z,"Ligne 9
@Ligne9_RATP
·
Aug 31, 2022",Le trafic est interrompu entre Nation et Porte de Montreuil en direction de Mairie de Montreuil en raison d'un incident affectant la voie. Reprise estimée du trafic vers 12h30. #Ligne9 #RATP,❌,2,1,2,[],https://twitter.com/Ligne9_RATP/status/1564914759140610049
154,Ligne 9,@Ligne9_RATP,2022-08-30T20:10:01.000Z,"Ligne 9
@Ligne9_RATP
·
Aug 30, 2022"," En raison d'un bagage oublié, le trafic est interrompu entre Trocadéro et Franklin D. Roosevelt. Reprise du trafic estimée vers 22h45. #ligne9 #RATP",❌,1,1,1,[],https://twitter.com/Ligne9_RATP/status/1564707028710326274
155,Ligne 9,@Ligne9_RATP,2022-08-29T16:10:33.000Z,"Ligne 9
@Ligne9_RATP
·
Aug 29, 2022","En raison d'un bagage oublié, le trafic est interrompu entre Pont de Sèvres et Porte de Saint-Cloud. Reprise du trafic estimée vers 19h00. #Ligne9 #RATP",❌,3,5,,"['https://pbs.twimg.com/media/FbV0WRCWAAAykot?format=webp&name=900x900', 'https://pbs.twimg.com/media/FbV0WdrWIAYW1tA?format=webp&name=900x900']",https://twitter.com/Ligne9_RATP/status/1564284378842247170
156,Ligne 9,@Ligne9_RATP,2022-08-27T15:23:10.000Z,"Ligne 9
@Ligne9_RATP
·
Aug 27, 2022","En raison de l'actionnement d'un signal d'alarme, une rame stationne à République en direction de Pont de Sèvres. #Ligne9 #RATP",⚠,1,,2,[],https://twitter.com/Ligne9_RATP/status/1563547677086085121
157,Ligne 9,@Ligne9_RATP,2022-08-27T10:05:19.000Z,"Ligne 9
@Ligne9_RATP
·
Aug 27, 2022", Le trafic est perturbé sur l'ensemble de la ligne en raison de personnes sur les voies à Porte de Saint-Cloud. #Ligne9 #RATP,⚠,4,2,2,[],https://twitter.com/Ligne9_RATP/status/1563467688269099019
158,Ligne 9,@Ligne9_RATP,2022-08-26T09:28:01.000Z,"Ligne 9
@Ligne9_RATP
·
Aug 26, 2022"," En répercussion d'un bagage oublié à Voltaire, le trafic est perturbé sur l'ensemble de la ligne. #ligne9 #RATP",⚠,1,,3,[],https://twitter.com/Ligne9_RATP/status/1563095914352619522
159,Ligne 9,@Ligne9_RATP,2022-08-26T06:36:19.000Z,"Ligne 9
@Ligne9_RATP
·
Aug 26, 2022", Un train stationne à Marcel Sembat en direction de Pont de Sèvres en raison de personnes sur les voies. #Ligne9 #RATP,⚠,15,7,4,[],https://twitter.com/Ligne9_RATP/status/1563052705517473795
160,Ligne 9,@Ligne9_RATP,2022-08-25T03:54:58.000Z,"Ligne 9
@Ligne9_RATP
·
Aug 25, 2022",Le trafic est interrompu entre Pont de Sèvres et Michel-Ange – Auteuil en raison d'un incident d'exploitation à Pont de Sèvres. Reprise estimée vers 6h15. #ligne9 #RATP,❌,1,,2,[],https://twitter.com/Ligne9_RATP/status/1562649709688537089
161,Ligne 9,@Ligne9_RATP,2022-08-24T14:36:01.000Z,"Ligne 9
@Ligne9_RATP
·
Aug 24, 2022", Le trafic est perturbé sur l'ensemble de la ligne en raison d'un malaise voyageur. #Ligne9 #RATP,⚠,4,,4,[],https://twitter.com/Ligne9_RATP/status/1562448650776719363
162,Ligne 9,@Ligne9_RATP,2022-08-23T09:10:12.000Z,"Ligne 9
@Ligne9_RATP
·
Aug 23, 2022", Une rame stationne à Trocadéro en direction de Mairie de Montreuil en raison d'un malaise voyageur. #Ligne9 #RATP,⚠,2,,1,[],https://twitter.com/Ligne9_RATP/status/1562004266117746688
163,Ligne 9,@Ligne9_RATP,2022-08-22T16:16:09.000Z,"Ligne 9
@Ligne9_RATP
·
Aug 22, 2022",Le trafic est perturbé sur l'ensemble de la #ligne9 en raison de personnes sur les voies à Miromesnil. #RATP,⚠,1,4,2,[],https://twitter.com/Ligne9_RATP/status/1561749071701876737
164,Ligne 9,@Ligne9_RATP,2022-08-19T14:09:26.000Z,"Ligne 9
@Ligne9_RATP
·
Aug 19, 2022","En raison de la présence de personnes sur les voies, une rame stationne à Strasbourg - Saint Denis. #Ligne9 #RATP",⚠,5,5,5,[],https://twitter.com/Ligne9_RATP/status/1560630018253787137
165,Ligne 9,@Ligne9_RATP,2022-08-19T09:58:22.000Z,"Ligne 9
@Ligne9_RATP
·
Aug 19, 2022"," En raison d'un incident d'exploitation, le trafic est interrompu entre les stations Oberkampf et Nation. Reprise estimée à 12h15. #ligne9 #RATP",❌,3,,4,[],https://twitter.com/Ligne9_RATP/status/1560566837317754880
166,Ligne 9,@Ligne9_RATP,2022-08-09T08:28:39.000Z,"Ligne 9
@Ligne9_RATP
·
Aug 9, 2022"," En raison d'un malaise voyageur Iéna, le trafic est perturbé en direction de Mairie de Montreuil. #ligne9 #ratp",⚠,1,,2,[],https://twitter.com/Ligne9_RATP/status/1556920381939650560
167,Ligne 9,@Ligne9_RATP,2022-08-09T08:24:11.000Z,"Ligne 9
@Ligne9_RATP
·
Aug 9, 2022"," En raison d'un malaise voyageur, la rame stationne à la station Iena en direction de Mairie de Montreuil. #Ligne9 #RATP",⚠,,,1,[],https://twitter.com/Ligne9_RATP/status/1556919257228779521
168,Ligne 9,@Ligne9_RATP,2022-08-05T09:21:49.000Z,"Ligne 9
@Ligne9_RATP
·
Aug 5, 2022"," En raison de Personnes sur les voies, un train stationne à la station Ranelagh en direction de Mairie de Montreuil. #Ligne9 #RATP",⚠,2,2,2,[],https://twitter.com/Ligne9_RATP/status/1555484208335839234
169,Ligne 9,@Ligne9_RATP,2022-08-03T19:27:21.000Z,"Ligne 9
@Ligne9_RATP
·
Aug 3, 2022","Altercation entre voyageur, une rame stationne à Mairie de Montreuil en direction de Pont de Sèvres #ligne9 #ratp",⚠,2,4,2,[],https://twitter.com/Ligne9_RATP/status/1554911821034930176
170,Ligne 9,@Ligne9_RATP,2022-08-03T18:28:13.000Z,"Ligne 9
@Ligne9_RATP
·
Aug 3, 2022","En raison d'un malaise voyageur, la rame stationne à la station Buzenval en direction de Mairie de Montreuil. #Ligne9 #RATP",⚠,3,,2,[],https://twitter.com/Ligne9_RATP/status/1554896940994859008
171,Ligne 9,@Ligne9_RATP,2022-08-03T16:14:34.000Z,"Ligne 9
@Ligne9_RATP
·
Aug 3, 2022",Une rame stationne à Strasbourg-Saint-Denis en direction de Mairie de Montreuil en raison d'un malaise voyageur à bord #Ligne9 #RATP,⚠,1,,2,[],https://twitter.com/Ligne9_RATP/status/1554863306233503745
172,Ligne 9,@Ligne9_RATP,2022-08-02T10:46:22.000Z,"Ligne 9
@Ligne9_RATP
·
Aug 2, 2022"," En raison de l'intervention de nos équipes techniques, le trafic est interrompu entre Franklin D. Roosevelt et Havre-Caumartin. Reprise du trafic estimée vers 13h00. #ligne9 #RATP",❌,1,,2,[],https://twitter.com/Ligne9_RATP/status/1554418321877090304
173,Ligne 9,@Ligne9_RATP,2022-07-28T21:43:22.000Z,"Ligne 9
@Ligne9_RATP
·
Jul 28, 2022"," En raison de divers incidents, le trafic est perturbé sur la #Ligne9 #RATP",⚠,1,2,4,[],https://twitter.com/Ligne9_RATP/status/1552771722545434626
174,Ligne 9,@Ligne9_RATP,2022-07-27T19:27:27.000Z,"Ligne 9
@Ligne9_RATP
·
Jul 27, 2022","En raison de Personnes sur les voies, le trafic est perturbé sur la #Ligne9 #RATP (En conséquence de personnes sur les voies à Bonne nouvelle.)",⚠,1,2,5,[],https://twitter.com/Ligne9_RATP/status/1552375131309211659
175,Ligne 9,@Ligne9_RATP,2022-07-26T21:07:20.000Z,"Ligne 9
@Ligne9_RATP
·
Jul 26, 2022","En raison de divers incidents, le trafic est perturbé sur la #Ligne9 #RATP",⚠,1,1,2,[],https://twitter.com/Ligne9_RATP/status/1552037878863216647
176,Ligne 9,@Ligne9_RATP,2022-07-26T09:25:19.000Z,"Ligne 9
@Ligne9_RATP
·
Jul 26, 2022","En raison d'un incident voyageur, le trafic est perturbé sur l'ensemble de la #Ligne9 #RATP",⚠,1,1,2,[],https://twitter.com/Ligne9_RATP/status/1551861212358578176
177,Ligne 9,@Ligne9_RATP,2022-07-25T20:57:25.000Z,"Ligne 9
@Ligne9_RATP
·
Jul 25, 2022", le trafic est perturbé sur la #Ligne9 #RATP (En répercussion de l'interruption entre Trocadéro et Havre-Caumartin pour personnes sur les voies.),⚠,1,2,3,[],https://twitter.com/Ligne9_RATP/status/1551672997387321344
178,Ligne 9,@Ligne9_RATP,2022-07-25T11:04:21.000Z,"Ligne 9
@Ligne9_RATP
·
Jul 25, 2022",Panne signalisation. Une rame stationne à porte de Montreuil en direction de Mairie de Montreuil. #LIGNE9 #RATP,⚠,1,2,5,[],https://twitter.com/Ligne9_RATP/status/1551523744082022400
179,Ligne 9,@Ligne9_RATP,2022-07-24T12:26:13.000Z,"Ligne 9
@Ligne9_RATP
·
Jul 24, 2022",Difficultés d'exploitation : Le trafic est perturbé sur l'ensemble de la ligne. #ligne9 #ratp,⚠,2,1,2,[],https://twitter.com/Ligne9_RATP/status/1551181961028198401
180,Ligne 9,@Ligne9_RATP,2022-07-21T15:12:31.000Z,"Ligne 9
@Ligne9_RATP
·
Jul 21, 2022", Le trafic est interrompu entre Havre-Caumartin et Oberkampf en raison d'un bagage oublié. Reprise estimée du trafic vers 18h00 #Ligne9 #RATP,❌,7,6,3,[],https://twitter.com/Ligne9_RATP/status/1550136649195163650
181,Ligne 9,@Ligne9_RATP,2022-10-26T17:58:23.000Z,"Ligne 9
@Ligne9_RATP
·
Oct 26, 2022",Malaise voyageur. Une rame stationne à Jasmin en direction de Mairie de Montreuil #ligne9 #ratp,⚠,2,1,1,[],https://twitter.com/Ligne9_RATP/status/1585330013808869386
182,Ligne 9,@Ligne9_RATP,2022-10-26T15:33:37.000Z,"Ligne 9
@Ligne9_RATP
·
Oct 26, 2022",Signal d'alarme actionné à Franklin Roosevelt. Le trafic est perturbé sur l'ensemble de la ligne #LIGNE9 #RATP,⚠,1,1,,[],https://twitter.com/Ligne9_RATP/status/1585293581287411713
183,Ligne 9,@Ligne9_RATP,2022-10-26T13:45:38.000Z,"Ligne 9
@Ligne9_RATP
·
Oct 26, 2022",Bagage oublié à St Philippe du Roule. Le  trafic est interrompu entre Franklin D. Roosevelt et Havre – Caumartin. La reprise du trafic est estimée à 16h00 #ligne9 #ratp,❌,2,1,2,[],https://twitter.com/Ligne9_RATP/status/1585266404978315266
184,Ligne 9,@Ligne9_RATP,2022-10-24T15:54:02.000Z,"Ligne 9
@Ligne9_RATP
·
Oct 24, 2022", Une rame stationne à Michel-Ange - Auteuil en direction de Mairie de Montreuil en raison d'une gêne à la fermeture des portes #Ligne9 #RATP,⚠,2,,2,[],https://twitter.com/Ligne9_RATP/status/1584573942014025728
185,Ligne 9,@Ligne9_RATP,2022-10-21T15:33:33.000Z,"Ligne 9
@Ligne9_RATP
·
Oct 21, 2022","En raison d'un incident d'exploitation, le trafic est perturbé sur l'ensemble de la ligne #Ligne9 #RATP",⚠,4,,3,[],https://twitter.com/Ligne9_RATP/status/1583481622779002880
186,Ligne 9,@Ligne9_RATP,2022-10-20T17:36:52.000Z,"Ligne 9
@Ligne9_RATP
·
Oct 20, 2022","Le trafic est interrompu entre Chaussée d'Antin -La-Fayette et Oberkampf en raison de personnes sur les voies, la reprise est estimée vers 20h00 #Ligne9 #RATP",❌,4,5,7,[],https://twitter.com/Ligne9_RATP/status/1583150268090560512
187,Ligne 9,@Ligne9_RATP,2022-10-20T09:28:12.000Z,"Ligne 9
@Ligne9_RATP
·
Oct 20, 2022",  le trafic est interrompu entre Michel-Ange – Auteuil et Porte de Saint-Cloud et reprendra vers 12h00.Cela fait suite à un incident d'exploitation sur la #Ligne9 #RATP,❌,1,,2,[],https://twitter.com/Ligne9_RATP/status/1583027292145864704
188,Ligne 9,@Ligne9_RATP,2022-10-20T09:08:57.000Z,"Ligne 9
@Ligne9_RATP
·
Oct 20, 2022", le trafic est interrompu entre Porte de Saint-Cloud et Michel-Ange – Auteuil et reprendra vers 11h30. Cela fait suite à un incident d'exploitation à Michel-Ange – Auteuil et Porte de Saint-Cloud sur la #Ligne9 #RATP,❌,1,,4,[],https://twitter.com/Ligne9_RATP/status/1583022450459422721
189,Ligne 9,@Ligne9_RATP,2022-10-18T16:16:59.000Z,"Ligne 9
@Ligne9_RATP
·
Oct 18, 2022"," En répercussion de personnes sur les voies, le trafic est perturbé sur l’ensemble de la #Ligne9 #RATP.",⚠,1,2,,[],https://twitter.com/Ligne9_RATP/status/1582405389949501440
190,Ligne 9,@Ligne9_RATP,2022-10-18T12:41:09.000Z,"Ligne 9
@Ligne9_RATP
·
Oct 18, 2022"," En répercussion de personnes sur les voies, le trafic est perturbé sur l’ensemble de la #Ligne9 #RATP",⚠,1,1,1,[],https://twitter.com/Ligne9_RATP/status/1582351074639613953
191,Ligne 9,@Ligne9_RATP,2022-10-18T08:12:26.000Z,"Ligne 9
@Ligne9_RATP
·
Oct 18, 2022",Bagage oublié. Une rame stationne à Mairie de Montreuil #LIGNE9 #RATP,⚠,1,,1,[],https://twitter.com/Ligne9_RATP/status/1582283448948883457
192,Ligne 9,@Ligne9_RATP,2022-10-17T07:07:51.000Z,"Ligne 9
@Ligne9_RATP
·
Oct 17, 2022",Difficultés d'exploitation. Le trafic est perturbé sur l'ensemble de la #ligne9 #ratp,⚠,3,3,4,[],https://twitter.com/Ligne9_RATP/status/1581904810173169664
193,Ligne 9,@Ligne9_RATP,2022-10-17T06:16:02.000Z,"Ligne 9
@Ligne9_RATP
·
Oct 17, 2022"," Panne de signalisation. Le trafic est perturbé de Trocadéro vers Po,t de Sèvres  #ligne9 #ratp",⚠,2,,2,[],https://twitter.com/Ligne9_RATP/status/1581891769851334656
194,Ligne 9,@Ligne9_RATP,2022-10-15T14:05:45.000Z,"Ligne 9
@Ligne9_RATP
·
Oct 15, 2022","En raison d'un malaise voyageur, la rame stationne à la station Saint-Philippe du Roule en direction de Mairie de Montreuil. #ligne9 #RATP",⚠,2,,,[],https://twitter.com/Ligne9_RATP/status/1581285201078280199
195,Ligne 9,@Ligne9_RATP,2022-10-14T16:55:08.000Z,"Ligne 9
@Ligne9_RATP
·
Oct 14, 2022","En raison de difficultés d'exploitation, le trafic est perturbé sur la #ligne9. #RATP",⚠,2,,1,[],https://twitter.com/Ligne9_RATP/status/1580965440926363657
196,Ligne 9,@Ligne9_RATP,2022-10-14T15:34:14.000Z,"Ligne 9
@Ligne9_RATP
·
Oct 14, 2022"," En raison d'une gêne à la fermeture des portes à la station Croix-de-Chavaux (Jacques Duclos) en direction de Mairie de Montreuil, le trafic est perturbé sur la #ligne9 #RATP",⚠,1,1,3,[],https://twitter.com/Ligne9_RATP/status/1580945080277340162
197,Ligne 9,@Ligne9_RATP,2022-10-14T15:02:54.000Z,"Ligne 9
@Ligne9_RATP
·
Oct 14, 2022"," En raison d'un malaise voyageur à Miromesnil, le trafic est perturbé sur la #ligne9 #RATP",⚠,,,,[],https://twitter.com/Ligne9_RATP/status/1580937195367858178
198,Ligne 9,@Ligne9_RATP,2022-10-14T12:54:01.000Z,"Ligne 9
@Ligne9_RATP
·
Oct 14, 2022", Le trafic est perturbé sur l'ensemble de la #ligne9 #RATP en raison d'un incident d'exploitation.,⚠,1,,,[],https://twitter.com/Ligne9_RATP/status/1580904760622055425
199,Ligne 9,@Ligne9_RATP,2022-10-13T09:30:35.000Z,"Ligne 9
@Ligne9_RATP
·
Oct 13, 2022", Le trafic est interrompu entre les stations Trocadéro et Porte de Saint-Cloud en raison d'un malaise voyageur. Reprise estimée du trafic vers 11h45. #Ligne9 #RATP,❌,1,,1,[],https://twitter.com/Ligne9_RATP/status/1580491179526758401
200,Ligne 9,@Ligne9_RATP,2022-10-12T16:44:33.000Z,"Ligne 9
@Ligne9_RATP
·
Oct 12, 2022",Le trafic est perturbé sur l'ensemble de la #Ligne9 #RATP  en répercussion de divers incidents.,⚠,1,4,2,[],https://twitter.com/Ligne9_RATP/status/1580237999400288264
201,Ligne 9,@Ligne9_RATP,2022-10-10T17:54:47.000Z,"Ligne 9
@Ligne9_RATP
·
Oct 10, 2022",Le trafic est interrompu entre  Havre-Caumartin et Oberkampf sur la #ligne9 #RATP  en conséquence de personnes sur les voies à Grands Boulevards. La reprise est estimée vers 20h00.,❌,2,1,4,[],https://twitter.com/Ligne9_RATP/status/1579530900580503553
202,Ligne 9,@Ligne9_RATP,2022-10-07T19:13:33.000Z,"Ligne 9
@Ligne9_RATP
·
Oct 7, 2022",Le trafic est perturbé sur la ligne en raison de personnes sur les voies à Pont de Sèvres #Ligne9 #RATP,⚠,2,1,1,[],https://twitter.com/Ligne9_RATP/status/1578463557368578048
203,Ligne 9,@Ligne9_RATP,2022-10-07T12:17:33.000Z,"Ligne 9
@Ligne9_RATP
·
Oct 7, 2022",Le trafic est interrompu entre Oberkampf et Nation et reprendra vers 14h50. Cela fait suite à un bagage oublié à Voltaire. #ligne9 #RATP,❌,1,,3,[],https://twitter.com/Ligne9_RATP/status/1578358870518468609
204,Ligne 9,@Ligne9_RATP,2022-10-05T18:49:08.000Z,"Ligne 9
@Ligne9_RATP
·
Oct 5, 2022",Le trafic est perturbé de Pont de Sevres vers Mairie de Montreuil sur la #Ligne9 #RATP en raison de divers incidents.,⚠,1,3,1,[],https://twitter.com/Ligne9_RATP/status/1577732637128638468
205,Ligne 9,@Ligne9_RATP,2022-10-01T15:44:00.000Z,"Ligne 9
@Ligne9_RATP
·
Oct 1, 2022"," En répercussion de personnes sur les voies à la station Grands Boulevards, le trafic est perturbé sur l’ensemble de la #Ligne9 #RATP",⚠,1,2,5,[],https://twitter.com/Ligne9_RATP/status/1576236494729117696
206,Ligne 9,@Ligne9_RATP,2022-09-29T12:00:08.000Z,"Ligne 9
@Ligne9_RATP
·
Sep 29, 2022","En raison d'une panne de signalisation à Porte de Saint-Cloud, le trafic est perturbé sur l'ensemble de la #ligne9. #RATP",⚠,1,1,1,[],https://twitter.com/Ligne9_RATP/status/1575455382503395328
207,Ligne 9,@Ligne9_RATP,2022-09-28T20:22:34.000Z,"Ligne 9
@Ligne9_RATP
·
Sep 28, 2022", Le trafic est interrompu entre Mairie de Montreuil et Nation en raison d'un incident voyageur. Reprise estimée du trafic vers 23h30. #Ligne9 #RATP,❌,1,3,2,[],https://twitter.com/Ligne9_RATP/status/1575219437086572544
208,Ligne 9,@Ligne9_RATP,2022-09-28T04:47:21.000Z,"Ligne 9
@Ligne9_RATP
·
Sep 28, 2022","En raison d'une panne de signalisation, le trafic est perturbé de Porte de Montreuil vers Pont de Sevres. #ligne9. #RATP",⚠,2,1,6,[],https://twitter.com/Ligne9_RATP/status/1574984082005655553
209,Ligne 9,@Ligne9_RATP,2022-09-25T16:45:08.000Z,"Ligne 9
@Ligne9_RATP
·
Sep 25, 2022"," En raison de personnes sur les voies à la station porte de Montreuil, le trafic est interrompu entre Nation et porte de Montreuil. La reprise est estimée vers 19h15 .#Ligne9 #RATP",❌,1,1,,[],https://twitter.com/Ligne9_RATP/status/1574077555778330625
210,Ligne 9,@Ligne9_RATP,2022-09-25T15:29:45.000Z,"Ligne 9
@Ligne9_RATP
·
Sep 25, 2022",Malaise voyageur. Une rame stationne à St Ambroise en direction de Pont de Sèvres #ligne9 #ratp,⚠,1,,3,[],https://twitter.com/Ligne9_RATP/status/1574058581904826369
211,Ligne 9,@Ligne9_RATP,2022-09-25T10:34:41.000Z,"Ligne 9
@Ligne9_RATP
·
Sep 25, 2022", En répercussion d'un incident d'exploitation le trafic est perturbé sur l'ensemble de la #ligne9 #ratp,⚠,1,,,[],https://twitter.com/Ligne9_RATP/status/1573984327804887040
212,Ligne 9,@Ligne9_RATP,2022-09-24T15:05:39.000Z,"Ligne 9
@Ligne9_RATP
·
Sep 24, 2022",Personne sur les voies. Le trafic est interrompu entre Nation et Mairie de Montreuil. La reprise est estimée à 17h30 #ligne9 #ratp,❌,1,2,1,[],https://twitter.com/Ligne9_RATP/status/1573690131223027712
213,Ligne 9,@Ligne9_RATP,2022-09-23T07:44:27.000Z,"Ligne 9
@Ligne9_RATP
·
Sep 23, 2022",Panne signalisation. Le trafic est perturbé sur l'ensemble de la #ligne9 #ratp,⚠,8,3,6,[],https://twitter.com/Ligne9_RATP/status/1573216712715128833
214,Ligne 9,@Ligne9_RATP,2022-09-22T08:13:57.000Z,"Ligne 9
@Ligne9_RATP
·
Sep 22, 2022", Panne de signalisation.  Le trafic est perturbé de Miromesnil vers de Pont de Sèvres #ligne9 #ratp,⚠,1,,2,[],https://twitter.com/Ligne9_RATP/status/1572861746624200707
215,Ligne 9,@Ligne9_RATP,2022-09-22T07:13:47.000Z,"Ligne 9
@Ligne9_RATP
·
Sep 22, 2022", Affluence voyageur. Le trafic est perturbé de Havre – Caumartin vers Pont de Sèvres. #ligne9 #ratp,⚠,4,4,1,[],https://twitter.com/Ligne9_RATP/status/1572846604389941248
216,Ligne 9,@Ligne9_RATP,2022-09-21T18:13:50.000Z,"Ligne 9
@Ligne9_RATP
·
Sep 21, 2022", Une rame stationne à Pont de Sèvres en raison d'un bagage oublié #Ligne9 #RATP,⚠,1,,1,[],https://twitter.com/Ligne9_RATP/status/1572650323914756096
217,Ligne 9,@Ligne9_RATP,2022-09-19T17:38:01.000Z,"Ligne 9
@Ligne9_RATP
·
Sep 19, 2022", Le trafic est interrompu entre Nation et Mairie de Montreuil en raison d'un bagage oublié. Reprise estimée du trafic vers 20h30 #Ligne9 #RATP,❌,4,3,4,"['https://pbs.twimg.com/media/FdCRwKuWAAkSanD?format=webp&name=large', 'https://pbs.twimg.com/media/FdCRwX-XkAUVplZ?format=webp&name=large']",https://twitter.com/Ligne9_RATP/status/1571916533701709825
218,Ligne 9,@Ligne9_RATP,2022-09-16T06:33:57.000Z,"Ligne 9
@Ligne9_RATP
·
Sep 16, 2022",le trafic est perturbé sur l'ensemble de la ligne en raison d'un incident technique à Mairie de Montreuil. #ligne9 #RATP,⚠,1,,6,[],https://twitter.com/Ligne9_RATP/status/1570662252826529793
219,Ligne 9,@Ligne9_RATP,2022-09-15T09:34:36.000Z,"Ligne 9
@Ligne9_RATP
·
Sep 15, 2022","En raison d'un bagage oublié, une rame stationne à Pont de Sèvre en direction de Mairie de Montreuil. #ligne9 #RATP",⚠,1,,1,[],https://twitter.com/Ligne9_RATP/status/1570345329815621632
220,Ligne 9,@Ligne9_RATP,2022-09-09T17:16:23.000Z,"Ligne 9
@Ligne9_RATP
·
Sep 9, 2022", Incident technique . Le trafic est perturbé sur l'ensemble de la #ligne9 #ratp,⚠,1,,4,[],https://twitter.com/Ligne9_RATP/status/1568287211845570566
221,Ligne 9,@Ligne9_RATP,2022-09-09T14:58:49.000Z,"Ligne 9
@Ligne9_RATP
·
Sep 9, 2022",Personnes sur les voies  à Miromesnil ;  Le trafic est perturbé sur l'ensemble de la ligne #ligne9 #ratp,⚠,1,,,[],https://twitter.com/Ligne9_RATP/status/1568252591947288576
222,Ligne 9,@Ligne9_RATP,2022-09-08T14:43:01.000Z,"Ligne 9
@Ligne9_RATP
·
Sep 8, 2022", Le trafic est interrompu entre Mairie de Montreuil et Porte de Montreuil en raison d'un bagage oublié. Reprise estimée du trafic vers 17h00. #Ligne9 #RATP,❌,2,,,[],https://twitter.com/Ligne9_RATP/status/1567886228061655042
223,Ligne 9,@Ligne9_RATP,2022-09-08T13:57:26.000Z,"Ligne 9
@Ligne9_RATP
·
Sep 8, 2022", Le trafic est perturbé de Mairie de Montreuil en direction de Pont de Sèvres en raison d'un bagage oublié #Ligne9 #RATP,⚠,1,,2,[],https://twitter.com/Ligne9_RATP/status/1567874755381940225
224,Ligne 9,@Ligne9_RATP,2022-11-29T16:13:50.000Z,"Ligne 9
@Ligne9_RATP
·
Nov 29, 2022",le trafic est interrompu entre Franklin D. Roosevelt et Oberkampf et reprendra vers 17h40. Cela fait suite à des personnes sur les voies. #ligne9 #RATP,❌,7,7,12,[],https://twitter.com/Ligne9_RATP/status/1597624888751259651
225,Ligne 9,@Ligne9_RATP,2022-11-26T10:42:09.000Z,"Ligne 9
@Ligne9_RATP
·
Nov 26, 2022",Le trafic est interrompu entre Trocadéro et Havre-Caumartin sur la #Ligne9 #RATP en raison d'un incident affectant les voies. La reprise est estimée vers 11h50.,❌,4,,3,[],https://twitter.com/Ligne9_RATP/status/1596454255115702272
226,Ligne 9,@Ligne9_RATP,2022-11-26T06:23:09.000Z,"Ligne 9
@Ligne9_RATP
·
Nov 26, 2022", la rame stationne à Grands Boulevards en direction de Mairie de Montreuil sur la #Ligne9 #RATP en raison d'un malaise voyageur à Grands Boulevards.,⚠,1,,1,[],https://twitter.com/Ligne9_RATP/status/1596389073199009792
227,Ligne 9,@Ligne9_RATP,2022-11-25T17:53:10.000Z,"Ligne 9
@Ligne9_RATP
·
Nov 25, 2022", Divers incidents. Le trafic est perturbé sur l'ensemble de la #ligne9 #RATP,⚠,8,,4,[],https://twitter.com/Ligne9_RATP/status/1596200335885979649
228,Ligne 9,@Ligne9_RATP,2022-11-25T15:54:44.000Z,"Ligne 9
@Ligne9_RATP
·
Nov 25, 2022", le trafic est interrompu entre Pont de Sèvres et Trocadéro et reprendra vers 17h30. Cela fait suite à un bagage oublié. #Ligne9 #RATP,❌,3,5,3,[],https://twitter.com/Ligne9_RATP/status/1596170528808648707
229,Ligne 9,@Ligne9_RATP,2022-11-25T09:35:26.000Z,"Ligne 9
@Ligne9_RATP
·
Nov 25, 2022", Personne sur les voies à Pont de Sèvres. Un train stationne. #LIGNE9 #RATP,⚠,1,2,1,[],https://twitter.com/Ligne9_RATP/status/1596075075765092352
230,Ligne 9,@Ligne9_RATP,2022-11-25T08:19:28.000Z,"Ligne 9
@Ligne9_RATP
·
Nov 25, 2022",Malaise voyageur . Le trafic est perturbé de Chaussée d'Antin en direction de Pont de Sèvres. #LIGNE9 #RATP,⚠,2,1,4,[],https://twitter.com/Ligne9_RATP/status/1596055960107503616
231,Ligne 9,@Ligne9_RATP,2022-11-24T17:29:59.000Z,"Ligne 9
@Ligne9_RATP
·
Nov 24, 2022"," En répercussion d’un malaise voyageur à la station Bonne nouvelle, le trafic est perturbé sur l’ensemble de la #Ligne9 #RATP",⚠,1,1,1,[],https://twitter.com/Ligne9_RATP/status/1595832112149540865
232,Ligne 9,@Ligne9_RATP,2022-11-24T07:41:39.000Z,"Ligne 9
@Ligne9_RATP
·
Nov 24, 2022", Malaise voyageur. Le trafic est perturbé sur l'ensemble de la #ligne9 #ratp,⚠,1,1,6,[],https://twitter.com/Ligne9_RATP/status/1595684055030300673
233,Ligne 9,@Ligne9_RATP,2022-11-23T12:43:42.000Z,"Ligne 9
@Ligne9_RATP
·
Nov 23, 2022","En répercussion d'un incident d'exploitation à la station Porte de Montreuil, le trafic est perturbé sur l’ensemble de la #Ligne9 #RATP",⚠,1,2,,[],https://twitter.com/Ligne9_RATP/status/1595397679504392197
234,Ligne 9,@Ligne9_RATP,2022-11-22T18:24:17.000Z,"Ligne 9
@Ligne9_RATP
·
Nov 22, 2022",Le trafic est perturbé sur l'ensemble de la #Ligne9 #RATP en répercussion d'un obstacle sur la voie à Trocadéro en direction de Mairie de Montreuil.,⚠,4,,3,[],https://twitter.com/Ligne9_RATP/status/1595121001188265992
235,Ligne 9,@Ligne9_RATP,2022-11-22T14:31:28.000Z,"Ligne 9
@Ligne9_RATP
·
Nov 22, 2022",Le trafic est perturbé sur l'ensemble de la #Ligne9 #RATP en répercussion d'un malaise voyageur à Chaussée-d'Antin.,⚠,2,,,[],https://twitter.com/Ligne9_RATP/status/1595062411983454211
236,Ligne 9,@Ligne9_RATP,2022-11-22T09:19:37.000Z,"Ligne 9
@Ligne9_RATP
·
Nov 22, 2022",Incident technique à Pont de Sèvres. Le trafic est perturbé sur l'ensemble de la #ligne9 #ratp,⚠,3,4,3,[],https://twitter.com/Ligne9_RATP/status/1594983930352267265
237,Ligne 9,@Ligne9_RATP,2022-11-22T04:46:11.000Z,"Ligne 9
@Ligne9_RATP
·
Nov 22, 2022",Intervention des services techniques. Une rame stationne à Porte de Montreuil en direction de Pont de Sèvres #ligne9 #ratp,⚠,4,1,1,[],https://twitter.com/Ligne9_RATP/status/1594915121394221056
238,Ligne 9,@Ligne9_RATP,2022-11-20T16:23:49.000Z,"Ligne 9
@Ligne9_RATP
·
Nov 20, 2022", Une rame stationne à Robespierre en direction de Mairie de Montreuil en raison d'un malaise voyageur #Ligne9 #RATP,⚠,1,,3,[],https://twitter.com/Ligne9_RATP/status/1594365910525034497
239,Ligne 9,@Ligne9_RATP,2022-11-20T11:39:40.000Z,"Ligne 9
@Ligne9_RATP
·
Nov 20, 2022"," En raison d'un incident d'exploitation, une rame stationne à Trocadéro sur la #Ligne9 #RATP",⚠,3,,3,[],https://twitter.com/Ligne9_RATP/status/1594294402779865088
240,Ligne 9,@Ligne9_RATP,2022-11-19T20:20:54.000Z,"Ligne 9
@Ligne9_RATP
·
Nov 19, 2022", Le trafic est interrompu entre Michel-Ange Auteuil et Franklin D. Roosevelt en raison de personnes sur les voies à Iena. Reprise estimée du trafic vers 21h45 #Ligne9 #RATP,❌,1,1,3,[],https://twitter.com/Ligne9_RATP/status/1594063185912516608
241,Ligne 9,@Ligne9_RATP,2022-11-19T04:54:36.000Z,"Ligne 9
@Ligne9_RATP
·
Nov 19, 2022",Le trafic est perturbé de Pont de Sèvres vers Mairie de Montreuil sur la #Ligne9 en raison d'une panne de signalisation #RATP,⚠,1,,3,[],https://twitter.com/Ligne9_RATP/status/1593830073660211201
242,Ligne 9,@Ligne9_RATP,2022-11-17T18:47:50.000Z,"Ligne 9
@Ligne9_RATP
·
Nov 17, 2022", le trafic est perturbé sur l'ensemble de la #ligne9 en raison d'une altercation entre voyageurs à Nation. #RATP,⚠,1,7,5,[],https://twitter.com/Ligne9_RATP/status/1593314991381233667
243,Ligne 9,@Ligne9_RATP,2022-11-16T19:25:27.000Z,"Ligne 9
@Ligne9_RATP
·
Nov 16, 2022","en raison de Personnes sur les voies, le trafic est interrompu entre les stations Chaussee d'Antin (La Fayette) et Republique sur la #ligne9. Reprise estimée à 20h50. #RATP",❌,1,,4,[],https://twitter.com/Ligne9_RATP/status/1592962066515566594
244,Ligne 9,@Ligne9_RATP,2022-11-16T10:25:16.000Z,"Ligne 9
@Ligne9_RATP
·
Nov 16, 2022", difficultés d'exploitation . Le trafic est perturbé sur l'ensemble de la #ligne9 #ratp,⚠,4,3,3,[],https://twitter.com/Ligne9_RATP/status/1592826124928798721
245,Ligne 9,@Ligne9_RATP,2022-11-16T07:31:13.000Z,"Ligne 9
@Ligne9_RATP
·
Nov 16, 2022",Panne de signalisation. Le trafic est perturbé en direction de Pont de Sèvres #LIGNE9 #RATP,⚠,19,8,14,[],https://twitter.com/Ligne9_RATP/status/1592782326345347074
246,Ligne 9,@Ligne9_RATP,2022-11-15T07:58:59.000Z,"Ligne 9
@Ligne9_RATP
·
Nov 15, 2022","En raison d'un incident d'exploitation, le trafic est perturbé sur l'ensemble de la #Ligne9 #RATP",⚠,6,2,1,[],https://twitter.com/Ligne9_RATP/status/1592426924697059335
247,Ligne 9,@Ligne9_RATP,2022-11-14T16:51:45.000Z,"Ligne 9
@Ligne9_RATP
·
Nov 14, 2022","En raison d'un malaise voyageur à Billancourt, le trafic est interrompu entre Porte de Saint-Cloud et Pont de Sèvres sur la #Ligne9 #RATP. La reprise est estimée vers 18h15.",❌,2,2,2,[],https://twitter.com/Ligne9_RATP/status/1592198610539749377
248,Ligne 9,@Ligne9_RATP,2022-11-14T06:26:30.000Z,"Ligne 9
@Ligne9_RATP
·
Nov 14, 2022","En raison d'un malaise voyageur, une rame stationne à Porte de Montreuil. #Ligne9 #RATP",⚠,2,,4,[],https://twitter.com/Ligne9_RATP/status/1592041261111853056
249,Ligne 9,@Ligne9_RATP,2022-11-14T05:17:59.000Z,"Ligne 9
@Ligne9_RATP
·
Nov 14, 2022","En raison de divers incidents, le trafic est perturbé sur l'ensemble de la #Ligne9 #RATP",⚠,3,2,1,[],https://twitter.com/Ligne9_RATP/status/1592024020186038272
250,Ligne 9,@Ligne9_RATP,2022-11-12T09:54:43.000Z,"Ligne 9
@Ligne9_RATP
·
Nov 12, 2022", Le trafic est interrompu entre République et Franklin D.Roosevelt en raison de personnes sur les voies. Reprise estimée du trafic vers 11h15. #Ligne9 #RATP,❌,1,,,[],https://twitter.com/Ligne9_RATP/status/1591368888167452672
251,Ligne 9,@Ligne9_RATP,2022-11-09T12:53:42.000Z,"Ligne 9
@Ligne9_RATP
·
Nov 9, 2022", le train stationne à Oberkampf en direction de Pont de Sèvres en raison d'une panne de signalisation. #ligne9 #RATP,⚠,2,,6,[],https://twitter.com/Ligne9_RATP/status/1590326767054913537
252,Ligne 9,@Ligne9_RATP,2022-11-09T08:43:31.000Z,"Ligne 9
@Ligne9_RATP
·
Nov 9, 2022",Le trafic est perturbé sur l'ensemble de la #Ligne9 #RATP  en conséquence de personnes sur les voies à Bonne Nouvelle.,⚠,1,,3,[],https://twitter.com/Ligne9_RATP/status/1590263807015796736
253,Ligne 9,@Ligne9_RATP,2022-11-09T05:50:45.000Z,"Ligne 9
@Ligne9_RATP
·
Nov 9, 2022",Le trafic est perturbé sur l'ensemble de la #Ligne9 #RATP en raison de personnes sur les voies à Grands Boulevards,⚠,5,1,3,[],https://twitter.com/Ligne9_RATP/status/1590220328696918016
254,Ligne 9,@Ligne9_RATP,2022-11-06T20:43:11.000Z,"Ligne 9
@Ligne9_RATP
·
Nov 6, 2022", Le trafic est perturbé sur l'ensemble de la #ligne9 en raison de mesures de régulation. #RATP,⚠,1,,3,[],https://twitter.com/Ligne9_RATP/status/1589357750114566152
255,Ligne 9,@Ligne9_RATP,2022-11-06T13:50:07.000Z,"Ligne 9
@Ligne9_RATP
·
Nov 6, 2022", Le trafic est perturbé sur l'ensemble de la #ligne9 en répercussion de personnes sur les voies à Richelieu – Drouot. #RATP,⚠,1,2,4,[],https://twitter.com/Ligne9_RATP/status/1589253800002572292
256,Ligne 9,@Ligne9_RATP,2022-11-05T21:51:28.000Z,"Ligne 9
@Ligne9_RATP
·
Nov 5, 2022",Une rame stationne à Trocadéro en direction de Pont de Sèvres en raison d'un malaise voyageur. #ligne9 #RATP,⚠,2,,5,[],https://twitter.com/Ligne9_RATP/status/1589012546169847808
257,Ligne 9,@Ligne9_RATP,2022-11-05T13:11:21.000Z,"Ligne 9
@Ligne9_RATP
·
Nov 5, 2022",Le trafic est perturbé sur l'ensemble de la #Ligne9 #RATP en répercussion de personnes sur les voies à Bonne Nouvelle.,⚠,1,2,3,[],https://twitter.com/Ligne9_RATP/status/1588881656701763585
258,Ligne 9,@Ligne9_RATP,2022-11-01T21:39:26.000Z,"Ligne 9
@Ligne9_RATP
·
Nov 1, 2022", Le trafic est interrompu entre Porte de Montreuil et Mairie de Montreuil en raison d'un bagage oublié. Reprise estimée du trafic vers 23h30 #Ligne9 #RATP,❌,1,,2,"['https://pbs.twimg.com/media/FgglXwvWQAELeoC?format=webp&name=900x900', 'https://pbs.twimg.com/media/FgglX93XgAICwAp?format=webp&name=900x900']",https://twitter.com/Ligne9_RATP/status/1587559966268788736
